Tue 05/05/2026 - 09:50:47,22.29,68.47,1028.82,3.66,87.00
Tue 05/05/2026 - 09:51:21,22.27,67.73,1028.82,3.65,87.00
Tue 05/05/2026 - 09:51:55,22.28,64.85,1028.82,3.65,87.00
Tue 05/05/2026 - 09:52:29,22.28,64.68,1028.78,3.65,87.00
Tue 05/05/2026 - 09:53:03,22.14,67.35,1028.90,3.66,87.00
Tue 05/05/2026 - 09:53:37,22.11,64.57,1028.78,3.65,87.00
Tue 05/05/2026 - 09:54:11,22.05,64.46,1028.85,3.65,87.00
Tue 05/05/2026 - 09:54:44,22.01,64.87,1028.88,3.65,87.00
Tue 05/05/2026 - 09:55:18,22.00,65.01,1028.87,3.65,87.00
Tue 05/05/2026 - 09:55:52,21.99,64.72,1028.89,3.65,87.00
Tue 05/05/2026 - 09:56:13,21.97,65.98,1028.81,3.65,87.00
Tue 05/05/2026 - 09:56:47,21.92,65.73,1028.92,3.65,87.00
Tue 05/05/2026 - 09:57:21,21.91,65.18,1028.85,3.65,87.00
Tue 05/05/2026 - 09:57:55,21.81,64.47,1028.77,3.65,87.00
Tue 05/05/2026 - 09:58:29,21.76,65.15,1028.85,3.65,87.00
Tue 05/05/2026 - 09:59:03,21.72,64.72,1028.80,3.65,87.00
Tue 05/05/2026 - 09:59:37,21.67,64.93,1028.86,3.65,87.00
Tue 05/05/2026 - 10:00:11,21.72,65.60,1028.89,3.65,87.00
Tue 05/05/2026 - 10:00:45,21.68,64.86,1028.82,3.65,87.00
Tue 05/05/2026 - 10:01:19,21.67,64.79,1028.77,3.65,87.00
Tue 05/05/2026 - 10:01:53,21.67,65.12,1028.75,3.65,87.00
Tue 05/05/2026 - 10:02:27,21.68,64.91,1028.79,3.65,87.00
Tue 05/05/2026 - 10:03:00,21.64,64.81,1028.78,3.65,87.00
Tue 05/05/2026 - 10:03:34,21.64,65.78,1028.90,3.24,77.00
Tue 05/05/2026 - 10:05:17,21.73,68.61,1028.73,3.65,87.00
Tue 05/05/2026 - 10:05:51,21.80,66.15,1028.75,3.65,87.00
Tue 05/05/2026 - 10:06:24,21.93,65.01,1028.75,3.65,87.00
Tue 05/05/2026 - 10:06:58,21.96,64.64,1028.76,3.65,87.00
Tue 05/05/2026 - 10:07:32,21.95,64.53,1028.80,3.65,87.00
Tue 05/05/2026 - 10:08:06,21.88,64.41,1028.78,3.65,87.00
Tue 05/05/2026 - 10:08:40,21.87,64.60,1028.79,3.65,87.00
Tue 05/05/2026 - 10:09:14,21.84,64.52,1028.85,3.65,87.00
Tue 05/05/2026 - 10:09:48,21.82,64.77,1028.79,3.65,87.00
Tue 05/05/2026 - 10:10:22,21.79,64.68,1028.76,3.65,87.00
Tue 05/05/2026 - 10:10:56,21.76,64.96,1028.77,3.65,87.00
Tue 05/05/2026 - 10:11:30,21.76,64.94,1028.74,3.65,87.00
Tue 05/05/2026 - 10:12:04,21.76,64.87,1028.84,3.65,87.00
Tue 05/05/2026 - 10:12:38,21.73,64.94,1028.80,3.65,87.00
Tue 05/05/2026 - 10:13:12,21.70,64.98,1028.76,3.65,87.00
Tue 05/05/2026 - 10:13:46,21.69,66.82,1028.89,3.65,87.00
Tue 05/05/2026 - 10:15:19,21.77,65.90,1028.78,3.66,87.00
Tue 05/05/2026 - 10:15:53,21.84,67.61,1028.82,3.65,87.00
Tue 05/05/2026 - 10:16:27,21.92,66.24,1028.82,3.65,87.00
Tue 05/05/2026 - 10:17:01,21.95,65.42,1028.89,3.65,87.00
Tue 05/05/2026 - 10:17:35,21.95,65.11,1028.85,3.65,87.00
Tue 05/05/2026 - 10:18:09,21.93,65.00,1028.83,3.65,87.00
Tue 05/05/2026 - 10:18:43,21.89,64.95,1028.85,3.65,87.00
Tue 05/05/2026 - 10:19:17,21.89,65.04,1028.79,3.65,87.00
Tue 05/05/2026 - 10:19:51,21.84,65.15,1028.81,3.65,87.00
Tue 05/05/2026 - 10:20:25,21.78,65.21,1028.77,3.65,87.00
Tue 05/05/2026 - 10:20:59,21.75,65.50,1028.77,3.65,87.00
Tue 05/05/2026 - 10:21:33,21.74,65.55,1028.83,3.65,87.00
Tue 05/05/2026 - 10:22:07,21.70,65.60,1028.80,3.65,87.00
Tue 05/05/2026 - 10:22:41,21.70,65.69,1028.80,3.65,87.00
Tue 05/05/2026 - 10:23:14,21.70,65.62,1028.79,3.65,87.00
Tue 05/05/2026 - 10:23:48,21.69,65.63,1028.77,3.65,87.00
Tue 05/05/2026 - 10:24:22,21.64,65.75,1028.82,3.65,87.00
Tue 05/05/2026 - 10:24:56,21.63,65.89,1028.83,3.65,87.00
Tue 05/05/2026 - 10:25:30,21.63,65.79,1028.81,3.65,87.00
Tue 05/05/2026 - 10:26:04,21.64,66.01,1028.83,3.65,87.00
Tue 05/05/2026 - 10:26:38,21.66,65.81,1028.86,3.65,87.00
Tue 05/05/2026 - 10:27:12,21.66,65.87,1028.84,3.65,87.00
Tue 05/05/2026 - 10:27:46,21.68,65.96,1028.82,3.65,87.00
Tue 05/05/2026 - 10:29:15,21.75,66.92,1028.77,3.65,87.00
Tue 05/05/2026 - 10:29:49,21.72,66.06,1028.86,3.65,87.00
Tue 05/05/2026 - 10:30:22,21.84,67.78,1028.84,3.65,87.00
Tue 05/05/2026 - 10:30:56,21.82,67.07,1028.90,3.69,88.00
Tue 05/05/2026 - 10:31:30,22.32,64.50,1028.83,3.70,88.00
Tue 05/05/2026 - 10:32:04,22.63,63.19,1028.94,3.69,88.00
Tue 05/05/2026 - 10:32:38,22.97,63.35,1028.87,3.70,88.00
Tue 05/05/2026 - 10:33:12,23.30,62.03,1028.81,3.75,89.00
Tue 05/05/2026 - 10:33:46,23.79,60.29,1028.94,3.75,89.00
Tue 05/05/2026 - 10:34:20,24.21,58.77,1028.93,3.76,89.00
Tue 05/05/2026 - 10:34:54,24.68,57.37,1028.85,3.76,89.00
Tue 05/05/2026 - 10:35:28,25.11,55.99,1028.91,3.76,89.00
Tue 05/05/2026 - 10:36:02,25.28,55.39,1028.87,3.70,88.00
Tue 05/05/2026 - 10:36:36,25.27,54.96,1028.86,3.70,88.00
Tue 05/05/2026 - 10:37:10,25.37,55.43,1028.86,3.70,88.00
Tue 05/05/2026 - 10:37:44,25.54,54.60,1028.87,3.70,88.00
Tue 05/05/2026 - 10:38:18,25.65,54.34,1028.87,3.70,88.00
Tue 05/05/2026 - 10:38:52,25.83,53.94,1028.77,3.69,88.00
Tue 05/05/2026 - 10:39:26,26.02,52.93,1028.82,3.75,89.00
Tue 05/05/2026 - 10:40:00,26.14,52.46,1028.85,3.70,88.00
Tue 05/05/2026 - 10:40:34,26.09,52.25,1028.83,3.70,88.00
Tue 05/05/2026 - 10:41:08,26.11,52.48,1028.84,3.70,88.00
Tue 05/05/2026 - 10:41:42,26.23,52.22,1028.72,3.70,88.00
Tue 05/05/2026 - 10:42:16,26.30,51.91,1028.86,3.69,88.00
Tue 05/05/2026 - 10:42:49,26.28,51.91,1028.83,3.69,88.00
Tue 05/05/2026 - 10:43:23,26.38,51.69,1028.82,3.70,88.00
Tue 05/05/2026 - 10:43:57,26.49,51.71,1028.82,3.70,88.00
Tue 05/05/2026 - 10:44:31,26.58,51.19,1028.81,3.70,88.00
Tue 05/05/2026 - 10:45:05,26.60,50.94,1028.80,3.70,88.00
Tue 05/05/2026 - 10:45:39,26.66,50.96,1028.74,3.69,88.00
Tue 05/05/2026 - 10:46:13,26.82,50.46,1028.76,3.69,88.00
Tue 05/05/2026 - 10:46:47,26.88,50.13,1028.70,3.70,88.00
Tue 05/05/2026 - 10:47:21,26.90,50.04,1028.68,3.70,88.00
Tue 05/05/2026 - 10:47:55,26.78,50.14,1028.75,3.69,88.00
Tue 05/05/2026 - 10:48:29,26.69,50.54,1028.75,3.69,88.00
Tue 05/05/2026 - 10:49:03,26.70,50.48,1028.70,3.69,88.00
Tue 05/05/2026 - 10:49:37,26.67,50.58,1028.72,3.69,88.00
Tue 05/05/2026 - 10:50:11,26.73,50.47,1028.69,3.69,88.00
Tue 05/05/2026 - 10:50:45,26.81,50.25,1028.66,3.70,88.00
Tue 05/05/2026 - 10:51:19,26.81,50.26,1028.72,3.70,88.00
Tue 05/05/2026 - 10:51:53,26.86,50.28,1028.74,3.69,88.00
Tue 05/05/2026 - 10:52:27,26.96,49.79,1028.73,3.69,88.00
Tue 05/05/2026 - 10:53:01,27.04,49.82,1028.62,3.69,88.00
Tue 05/05/2026 - 10:53:35,27.12,49.42,1028.67,3.69,88.00
Tue 05/05/2026 - 10:54:09,27.07,49.48,1028.64,3.70,88.00
Tue 05/05/2026 - 10:54:42,27.11,49.33,1028.63,3.71,88.00
Tue 05/05/2026 - 10:55:16,27.10,49.34,1028.58,3.72,88.00
Tue 05/05/2026 - 10:55:50,27.14,49.26,1028.63,3.71,88.00
Tue 05/05/2026 - 10:56:24,27.28,49.07,1028.61,3.70,88.00
Tue 05/05/2026 - 10:56:58,27.36,48.85,1028.58,3.70,88.00
Tue 05/05/2026 - 10:57:32,27.41,48.62,1028.70,3.70,88.00
Tue 05/05/2026 - 10:58:06,27.50,48.49,1028.61,3.69,88.00
Tue 05/05/2026 - 10:58:40,27.45,48.34,1028.62,3.69,88.00
Tue 05/05/2026 - 10:59:14,27.41,48.45,1028.55,3.69,88.00
Tue 05/05/2026 - 10:59:48,27.44,48.57,1028.61,3.69,88.00
Tue 05/05/2026 - 11:00:22,27.51,48.37,1028.67,3.69,88.00
Tue 05/05/2026 - 11:00:56,27.56,48.46,1028.60,3.69,88.00
Tue 05/05/2026 - 11:01:30,27.61,48.11,1028.57,3.69,88.00
Tue 05/05/2026 - 11:02:04,27.62,48.14,1028.56,3.69,88.00
Tue 05/05/2026 - 11:02:38,27.52,48.14,1028.53,3.69,88.00
Tue 05/05/2026 - 11:03:12,27.45,48.27,1028.51,3.69,88.00
Tue 05/05/2026 - 11:03:46,27.46,48.34,1028.50,3.69,88.00
Tue 05/05/2026 - 11:04:20,27.39,48.50,1028.55,3.69,88.00
Tue 05/05/2026 - 11:04:54,27.36,48.54,1028.44,3.69,88.00
Tue 05/05/2026 - 11:05:28,27.38,48.43,1028.47,3.69,88.00
Tue 05/05/2026 - 11:06:01,27.41,48.47,1028.51,3.69,88.00
Tue 05/05/2026 - 11:06:35,27.42,48.44,1028.46,3.69,88.00
Tue 05/05/2026 - 11:07:09,27.51,48.36,1028.49,3.69,88.00
Tue 05/05/2026 - 11:07:43,27.51,48.18,1028.53,3.69,88.00
Tue 05/05/2026 - 11:08:17,27.59,48.11,1028.43,3.69,88.00
Tue 05/05/2026 - 11:08:51,27.65,48.04,1028.53,3.69,88.00
Tue 05/05/2026 - 11:09:25,27.69,47.87,1028.52,3.69,88.00
Tue 05/05/2026 - 11:09:59,27.70,47.55,1028.50,3.69,88.00
Tue 05/05/2026 - 11:10:33,27.74,47.67,1028.46,3.69,88.00
Tue 05/05/2026 - 11:11:07,27.72,47.82,1028.46,3.69,88.00
Tue 05/05/2026 - 11:11:41,27.67,47.69,1028.46,3.69,88.00
Tue 05/05/2026 - 11:12:15,27.58,47.81,1028.41,3.70,88.00
Tue 05/05/2026 - 11:12:49,27.45,48.08,1028.40,3.70,88.00
Tue 05/05/2026 - 11:13:23,27.41,48.14,1028.39,3.70,88.00
Tue 05/05/2026 - 11:13:57,27.39,48.31,1028.41,3.70,88.00
Tue 05/05/2026 - 11:14:31,27.38,48.36,1028.37,3.70,88.00
Tue 05/05/2026 - 11:15:05,27.33,48.42,1028.40,3.70,88.00
Tue 05/05/2026 - 11:15:39,27.27,48.62,1028.42,3.70,88.00
Tue 05/05/2026 - 11:16:13,27.23,48.62,1028.47,3.70,88.00
Tue 05/05/2026 - 11:16:47,27.19,48.69,1028.41,3.70,88.00
Tue 05/05/2026 - 11:17:21,27.18,48.72,1028.39,3.70,88.00
Tue 05/05/2026 - 11:17:55,27.21,48.78,1028.45,3.70,88.00
Tue 05/05/2026 - 11:18:28,27.20,48.75,1028.43,3.70,88.00
Tue 05/05/2026 - 11:19:02,27.21,48.72,1028.34,3.70,88.00
Tue 05/05/2026 - 11:19:36,27.20,48.72,1028.37,3.70,88.00
Tue 05/05/2026 - 11:20:10,27.20,48.71,1028.36,3.70,88.00
Tue 05/05/2026 - 11:20:44,27.18,48.77,1028.34,3.70,88.00
Tue 05/05/2026 - 11:21:18,27.14,48.83,1028.37,3.70,88.00
Tue 05/05/2026 - 11:21:52,27.13,48.91,1028.31,3.70,88.00
Tue 05/05/2026 - 11:22:26,27.15,48.88,1028.34,3.70,88.00
Tue 05/05/2026 - 11:23:00,27.07,48.97,1028.25,3.70,88.00
Tue 05/05/2026 - 11:23:34,27.04,49.09,1028.32,3.70,88.00
Tue 05/05/2026 - 11:24:08,26.95,49.23,1028.27,3.70,88.00
Tue 05/05/2026 - 11:24:42,26.91,49.38,1028.26,3.70,88.00
Tue 05/05/2026 - 11:25:16,26.91,49.33,1028.25,3.70,88.00
Tue 05/05/2026 - 11:25:50,26.89,49.46,1028.25,3.70,88.00
Tue 05/05/2026 - 11:26:24,26.91,49.46,1028.26,3.69,88.00
Tue 05/05/2026 - 11:26:58,26.95,49.34,1028.29,3.69,88.00
Tue 05/05/2026 - 11:27:32,26.96,49.37,1028.23,3.69,88.00
Tue 05/05/2026 - 11:28:06,26.88,49.39,1028.23,3.69,88.00
Tue 05/05/2026 - 11:28:40,26.85,49.54,1028.26,3.69,88.00
Tue 05/05/2026 - 11:29:14,26.82,49.52,1028.33,3.69,88.00
Tue 05/05/2026 - 11:29:47,26.90,49.47,1028.19,3.69,88.00
Tue 05/05/2026 - 11:30:21,26.93,49.40,1028.29,3.69,88.00
Tue 05/05/2026 - 11:30:55,26.96,49.28,1028.17,3.69,88.00
Tue 05/05/2026 - 11:31:29,26.96,49.31,1028.23,3.69,88.00
Tue 05/05/2026 - 11:32:03,26.97,49.22,1028.20,3.69,88.00
Tue 05/05/2026 - 11:32:37,26.89,49.34,1028.19,3.69,88.00
Tue 05/05/2026 - 11:33:11,26.90,49.44,1028.19,3.69,88.00
Tue 05/05/2026 - 11:33:45,26.91,49.86,1028.17,3.69,88.00
Tue 05/05/2026 - 11:34:19,26.99,49.56,1028.22,3.69,88.00
Tue 05/05/2026 - 11:34:53,27.11,49.18,1028.10,3.69,88.00
Tue 05/05/2026 - 11:35:27,27.22,49.16,1028.22,3.69,88.00
Tue 05/05/2026 - 11:36:01,27.35,48.75,1028.18,3.71,88.00
Tue 05/05/2026 - 11:36:35,27.53,48.57,1028.21,3.73,89.00
Tue 05/05/2026 - 11:37:09,27.71,48.16,1028.14,3.72,89.00
Tue 05/05/2026 - 11:37:43,27.78,47.93,1028.20,3.70,88.00
Tue 05/05/2026 - 11:38:17,27.76,47.87,1028.11,3.69,88.00
Tue 05/05/2026 - 11:38:51,27.71,47.81,1028.08,3.70,88.00
Tue 05/05/2026 - 11:39:25,27.68,47.90,1028.03,3.70,88.00
Tue 05/05/2026 - 11:39:59,27.63,47.96,1028.11,3.70,88.00
Tue 05/05/2026 - 11:40:33,27.63,47.93,1028.11,3.70,88.00
Tue 05/05/2026 - 11:41:07,27.59,47.97,1028.08,3.69,88.00
Tue 05/05/2026 - 11:41:41,27.56,48.00,1028.10,3.69,88.00
Tue 05/05/2026 - 11:42:15,27.49,48.34,1028.09,3.69,88.00
Tue 05/05/2026 - 11:42:49,27.48,48.48,1028.13,3.69,88.00
Tue 05/05/2026 - 11:43:22,27.50,48.43,1028.11,3.70,88.00
Tue 05/05/2026 - 11:43:56,27.49,48.35,1028.10,3.70,88.00
Tue 05/05/2026 - 11:44:30,27.53,48.27,1028.11,3.69,88.00
Tue 05/05/2026 - 11:45:04,27.56,48.38,1028.07,3.69,88.00
Tue 05/05/2026 - 11:45:38,27.56,48.23,1028.13,3.69,88.00
Tue 05/05/2026 - 11:46:12,27.53,48.38,1028.10,3.69,88.00
Tue 05/05/2026 - 11:46:46,27.57,48.49,1028.17,3.70,88.00
Tue 05/05/2026 - 11:47:20,27.61,48.31,1028.13,3.69,88.00
Tue 05/05/2026 - 11:47:54,27.64,48.17,1028.07,3.69,88.00
Tue 05/05/2026 - 11:48:28,27.61,48.10,1028.02,3.69,88.00
Tue 05/05/2026 - 11:49:02,27.61,48.28,1028.05,3.69,88.00
Tue 05/05/2026 - 11:49:36,27.61,48.22,1028.08,3.70,88.00
Tue 05/05/2026 - 11:50:10,27.70,48.00,1028.12,3.73,89.00
Tue 05/05/2026 - 11:50:44,27.86,47.77,1028.06,3.73,89.00
Tue 05/05/2026 - 11:51:18,28.17,47.30,1028.09,3.76,90.00
Tue 05/05/2026 - 11:51:52,28.39,46.73,1028.04,3.76,90.00
Tue 05/05/2026 - 11:52:26,28.59,46.32,1027.94,3.75,89.00
Tue 05/05/2026 - 11:53:00,28.78,45.87,1027.98,3.75,89.00
Tue 05/05/2026 - 11:53:34,28.94,45.55,1027.93,3.75,89.00
Tue 05/05/2026 - 11:54:08,28.98,45.35,1027.94,3.73,89.00
Tue 05/05/2026 - 11:54:42,28.90,45.25,1027.96,3.72,89.00
Tue 05/05/2026 - 11:55:16,28.88,45.34,1027.94,3.71,88.00
Tue 05/05/2026 - 11:55:50,28.81,45.48,1027.93,3.70,88.00
Tue 05/05/2026 - 11:56:23,28.76,45.63,1027.90,3.70,88.00
Tue 05/05/2026 - 11:56:57,28.73,45.69,1027.86,3.70,88.00
Tue 05/05/2026 - 11:57:31,28.63,45.65,1027.95,3.69,88.00
Tue 05/05/2026 - 11:58:05,28.65,46.16,1027.89,3.69,88.00
Tue 05/05/2026 - 11:58:39,28.59,46.07,1027.96,3.69,88.00
Tue 05/05/2026 - 11:59:13,28.58,46.23,1027.92,3.69,88.00
Tue 05/05/2026 - 11:59:47,28.57,46.41,1027.90,3.69,88.00
Tue 05/05/2026 - 12:00:21,28.54,46.53,1027.90,3.69,88.00
Tue 05/05/2026 - 12:00:55,28.52,46.50,1027.88,3.69,88.00
Tue 05/05/2026 - 12:01:29,28.48,46.55,1027.91,3.69,88.00
Tue 05/05/2026 - 12:02:03,28.44,46.54,1027.88,3.69,88.00
Tue 05/05/2026 - 12:02:37,28.35,46.75,1027.86,3.69,88.00
Tue 05/05/2026 - 12:03:11,28.31,46.85,1027.89,3.69,88.00
Tue 05/05/2026 - 12:03:45,28.31,47.10,1027.87,3.69,88.00
Tue 05/05/2026 - 12:04:19,28.32,47.07,1027.88,3.70,88.00
Tue 05/05/2026 - 12:04:53,28.34,47.00,1027.81,3.70,88.00
Tue 05/05/2026 - 12:05:27,28.34,46.88,1027.83,3.70,88.00
Tue 05/05/2026 - 12:06:01,28.34,46.96,1027.81,3.70,88.00
Tue 05/05/2026 - 12:06:35,28.39,47.14,1027.81,3.72,89.00
Tue 05/05/2026 - 12:07:09,28.42,46.87,1027.75,3.70,88.00
Tue 05/05/2026 - 12:07:42,28.39,47.04,1027.82,3.69,88.00
Tue 05/05/2026 - 12:08:16,28.30,47.20,1027.72,3.69,88.00
Tue 05/05/2026 - 12:08:50,28.26,47.02,1027.78,3.69,88.00
Tue 05/05/2026 - 12:09:24,28.20,47.19,1027.76,3.69,88.00
Tue 05/05/2026 - 12:09:58,28.17,47.67,1027.80,3.69,88.00
Tue 05/05/2026 - 12:10:32,28.16,47.78,1027.69,3.69,88.00
Tue 05/05/2026 - 12:11:06,28.09,47.76,1027.80,3.69,88.00
Tue 05/05/2026 - 12:11:40,28.07,47.72,1027.76,3.69,88.00
Tue 05/05/2026 - 12:12:14,28.02,47.75,1027.74,3.69,88.00
Tue 05/05/2026 - 12:12:48,27.97,47.68,1027.75,3.69,88.00
Tue 05/05/2026 - 12:13:22,27.91,48.01,1027.76,3.69,88.00
Tue 05/05/2026 - 12:13:56,27.85,48.04,1027.72,3.69,88.00
Tue 05/05/2026 - 12:14:30,27.81,48.30,1027.68,3.69,88.00
Tue 05/05/2026 - 12:15:04,27.77,48.23,1027.75,3.70,88.00
Tue 05/05/2026 - 12:15:38,27.70,48.38,1027.74,3.69,88.00
Tue 05/05/2026 - 12:16:12,27.66,48.43,1027.80,3.70,88.00
Tue 05/05/2026 - 12:16:46,27.61,48.50,1027.80,3.69,88.00
Tue 05/05/2026 - 12:17:20,27.59,48.58,1027.77,3.69,88.00
Tue 05/05/2026 - 12:17:54,27.54,48.71,1027.74,3.70,88.00
Tue 05/05/2026 - 12:18:28,27.49,48.94,1027.70,3.70,88.00
Tue 05/05/2026 - 12:19:02,27.43,49.01,1027.71,3.69,88.00
Tue 05/05/2026 - 12:19:35,27.38,49.33,1027.73,3.69,88.00
Tue 05/05/2026 - 12:20:09,27.35,49.33,1027.76,3.69,88.00
Tue 05/05/2026 - 12:20:43,27.32,49.41,1027.69,3.69,88.00
Tue 05/05/2026 - 12:21:17,27.30,49.35,1027.69,3.69,88.00
Tue 05/05/2026 - 12:21:51,27.27,49.34,1027.72,3.69,88.00
Tue 05/05/2026 - 12:22:25,27.23,49.49,1027.71,3.69,88.00
Tue 05/05/2026 - 12:22:59,27.20,49.60,1027.69,3.69,88.00
Tue 05/05/2026 - 12:23:33,27.19,49.74,1027.58,3.69,88.00
Tue 05/05/2026 - 12:24:07,27.15,49.78,1027.66,3.69,88.00
Tue 05/05/2026 - 12:24:41,27.10,49.84,1027.65,3.69,88.00
Tue 05/05/2026 - 12:25:15,27.10,49.92,1027.63,3.69,88.00
Tue 05/05/2026 - 12:25:49,27.09,49.88,1027.64,3.69,88.00
Tue 05/05/2026 - 12:26:23,27.04,49.91,1027.63,3.69,88.00
Tue 05/05/2026 - 12:26:57,27.04,49.93,1027.63,3.69,88.00
Tue 05/05/2026 - 12:27:31,27.03,49.90,1027.61,3.69,88.00
Tue 05/05/2026 - 12:28:05,27.02,49.97,1027.51,3.69,88.00
Tue 05/05/2026 - 12:28:39,27.00,50.10,1027.56,3.69,88.00
Tue 05/05/2026 - 12:29:13,27.01,50.25,1027.55,3.69,88.00
Tue 05/05/2026 - 12:29:47,27.06,50.19,1027.58,3.69,88.00
Tue 05/05/2026 - 12:30:21,27.03,50.16,1027.56,3.69,88.00
Tue 05/05/2026 - 12:30:54,27.01,50.46,1027.58,3.69,88.00
Tue 05/05/2026 - 12:31:28,26.99,50.71,1027.57,3.69,88.00
Tue 05/05/2026 - 12:32:02,26.94,50.77,1027.49,3.69,88.00
Tue 05/05/2026 - 12:32:36,26.91,50.96,1027.57,3.69,88.00
Tue 05/05/2026 - 12:33:10,26.90,51.40,1027.61,3.69,88.00
Tue 05/05/2026 - 12:33:44,26.88,51.53,1027.51,3.69,88.00
Tue 05/05/2026 - 12:34:18,26.84,51.74,1027.53,3.69,88.00
Tue 05/05/2026 - 12:34:52,26.81,52.10,1027.54,3.69,88.00
Tue 05/05/2026 - 12:35:26,26.78,52.29,1027.54,3.69,88.00
Tue 05/05/2026 - 12:36:00,26.74,52.37,1027.48,3.69,88.00
Tue 05/05/2026 - 12:36:34,26.73,52.48,1027.51,3.69,88.00
Tue 05/05/2026 - 12:37:08,26.70,52.50,1027.48,3.70,88.00
Tue 05/05/2026 - 12:37:42,26.70,51.92,1027.51,3.69,88.00
Tue 05/05/2026 - 12:38:16,26.68,52.27,1027.45,3.69,88.00
Tue 05/05/2026 - 12:38:50,26.68,51.96,1027.49,3.69,88.00
Tue 05/05/2026 - 12:39:24,26.72,52.11,1027.36,3.69,88.00
Tue 05/05/2026 - 12:39:58,26.75,52.05,1027.46,3.69,88.00
Tue 05/05/2026 - 12:40:32,26.76,51.85,1027.43,3.69,88.00
Tue 05/05/2026 - 12:41:06,26.79,51.67,1027.39,3.70,88.00
Tue 05/05/2026 - 12:41:39,26.81,51.82,1027.37,3.71,88.00
Tue 05/05/2026 - 12:42:13,26.87,51.76,1027.42,3.72,89.00
Tue 05/05/2026 - 12:42:47,26.94,51.62,1027.37,3.72,89.00
Tue 05/05/2026 - 12:43:21,26.97,51.56,1027.32,3.72,89.00
Tue 05/05/2026 - 12:43:55,27.06,51.42,1027.28,3.72,89.00
Tue 05/05/2026 - 12:44:29,27.17,51.31,1027.22,3.73,89.00
Tue 05/05/2026 - 12:45:03,27.19,51.01,1027.26,3.73,89.00
Tue 05/05/2026 - 12:45:37,27.22,50.83,1027.25,3.72,89.00
Tue 05/05/2026 - 12:46:11,27.22,50.80,1027.23,3.71,88.00
Tue 05/05/2026 - 12:46:45,27.25,50.57,1027.22,3.72,89.00
Tue 05/05/2026 - 12:47:19,27.27,50.50,1027.26,3.72,89.00
Tue 05/05/2026 - 12:47:53,27.37,50.34,1027.17,3.74,89.00
Tue 05/05/2026 - 12:48:27,27.46,49.98,1027.21,3.71,88.00
Tue 05/05/2026 - 12:49:01,27.46,50.04,1027.21,3.71,88.00
Tue 05/05/2026 - 12:49:35,27.44,50.07,1027.19,3.71,88.00
Tue 05/05/2026 - 12:50:09,27.45,50.02,1027.14,3.71,88.00
Tue 05/05/2026 - 12:50:43,27.47,49.97,1027.16,3.72,88.00
Tue 05/05/2026 - 12:51:17,27.51,49.94,1027.17,3.72,89.00
Tue 05/05/2026 - 12:51:51,27.53,49.66,1027.14,3.71,88.00
Tue 05/05/2026 - 12:52:25,27.51,49.56,1027.14,3.71,88.00
Tue 05/05/2026 - 12:52:59,27.54,49.27,1027.16,3.72,89.00
Tue 05/05/2026 - 12:53:33,27.57,49.14,1027.14,3.72,88.00
Tue 05/05/2026 - 12:54:06,27.59,49.07,1027.14,3.70,88.00
Tue 05/05/2026 - 12:54:40,27.55,49.23,1027.21,3.69,88.00
Tue 05/05/2026 - 12:55:14,27.52,49.35,1027.12,3.69,88.00
Tue 05/05/2026 - 12:55:48,27.48,49.39,1027.12,3.69,88.00
Tue 05/05/2026 - 12:56:22,27.48,49.28,1027.14,3.70,88.00
Tue 05/05/2026 - 12:56:56,27.51,49.27,1027.13,3.71,88.00
Tue 05/05/2026 - 12:57:30,27.54,49.18,1027.08,3.72,89.00
Tue 05/05/2026 - 12:58:04,27.61,49.18,1027.07,3.72,89.00
Tue 05/05/2026 - 12:58:38,27.66,49.03,1027.09,3.72,89.00
Tue 05/05/2026 - 12:59:12,27.66,48.90,1027.12,3.72,88.00
Tue 05/05/2026 - 12:59:46,27.63,48.96,1027.09,3.71,88.00
Tue 05/05/2026 - 13:00:20,27.62,48.98,1027.06,3.70,88.00
Tue 05/05/2026 - 13:00:54,27.61,48.98,1027.09,3.70,88.00
Tue 05/05/2026 - 13:01:28,27.58,48.91,1027.02,3.71,88.00
Tue 05/05/2026 - 13:02:02,27.55,49.01,1027.12,3.70,88.00
Tue 05/05/2026 - 13:02:36,27.55,48.87,1026.97,3.71,88.00
Tue 05/05/2026 - 13:03:10,27.58,48.76,1027.02,3.72,89.00
Tue 05/05/2026 - 13:03:44,27.62,48.78,1026.99,3.72,89.00
Tue 05/05/2026 - 13:04:18,27.69,48.72,1027.01,3.72,88.00
Tue 05/05/2026 - 13:04:52,27.66,48.65,1027.09,3.70,88.00
Tue 05/05/2026 - 13:05:26,27.61,48.80,1026.99,3.70,88.00
Tue 05/05/2026 - 13:06:00,27.59,48.96,1027.05,3.70,88.00
Tue 05/05/2026 - 13:06:33,27.58,49.08,1026.98,3.70,88.00
Tue 05/05/2026 - 13:07:07,27.58,48.73,1026.95,3.70,88.00
Tue 05/05/2026 - 13:07:41,27.57,48.90,1026.92,3.70,88.00
Tue 05/05/2026 - 13:08:15,27.56,48.89,1026.96,3.70,88.00
Tue 05/05/2026 - 13:08:49,27.54,48.87,1026.88,3.70,88.00
Tue 05/05/2026 - 13:09:23,27.53,48.93,1026.90,3.70,88.00
Tue 05/05/2026 - 13:09:57,27.51,48.98,1026.92,3.69,88.00
Tue 05/05/2026 - 13:10:31,27.48,49.08,1026.98,3.69,88.00
Tue 05/05/2026 - 13:11:05,27.45,49.21,1026.92,3.69,88.00
Tue 05/05/2026 - 13:11:39,27.43,49.53,1026.97,3.69,88.00
Tue 05/05/2026 - 13:12:13,27.39,49.53,1026.87,3.70,88.00
Tue 05/05/2026 - 13:12:47,27.37,49.57,1026.95,3.70,88.00
Tue 05/05/2026 - 13:13:21,27.33,49.62,1026.89,3.69,88.00
Tue 05/05/2026 - 13:13:55,27.30,49.62,1026.94,3.69,88.00
Tue 05/05/2026 - 13:14:29,27.23,49.69,1026.86,3.69,88.00
Tue 05/05/2026 - 13:15:03,27.20,49.75,1026.86,3.69,88.00
Tue 05/05/2026 - 13:15:37,27.16,49.85,1026.96,3.69,88.00
Tue 05/05/2026 - 13:16:11,27.10,49.90,1026.85,3.69,88.00
Tue 05/05/2026 - 13:16:45,27.05,50.08,1026.83,3.69,88.00
Tue 05/05/2026 - 13:17:18,27.03,50.15,1026.85,3.69,88.00
Tue 05/05/2026 - 13:17:52,26.99,50.28,1026.89,3.69,88.00
Tue 05/05/2026 - 13:18:26,26.93,50.45,1026.87,3.69,88.00
Tue 05/05/2026 - 13:19:00,26.89,50.57,1026.85,3.69,88.00
Tue 05/05/2026 - 13:19:34,26.87,50.72,1026.86,3.69,88.00
Tue 05/05/2026 - 13:20:08,26.88,50.54,1026.83,3.69,88.00
Tue 05/05/2026 - 13:20:42,26.87,50.54,1026.81,3.69,88.00
Tue 05/05/2026 - 13:21:16,26.81,50.53,1026.82,3.69,88.00
Tue 05/05/2026 - 13:21:50,26.71,50.40,1026.84,3.69,88.00
Tue 05/05/2026 - 13:22:24,26.69,50.89,1026.82,3.69,88.00
Tue 05/05/2026 - 13:22:58,26.71,51.09,1026.79,3.69,88.00
Tue 05/05/2026 - 13:23:32,26.71,51.02,1026.82,3.69,88.00
Tue 05/05/2026 - 13:24:06,26.70,51.02,1026.85,3.69,88.00
Tue 05/05/2026 - 13:24:40,26.68,50.97,1026.86,3.69,88.00
Tue 05/05/2026 - 13:25:14,26.66,51.07,1026.85,3.69,88.00
Tue 05/05/2026 - 13:25:48,26.64,51.16,1026.78,3.69,88.00
Tue 05/05/2026 - 13:26:22,26.62,51.26,1026.83,3.69,88.00
Tue 05/05/2026 - 13:26:56,26.61,51.29,1026.78,3.69,88.00
Tue 05/05/2026 - 13:27:30,26.59,51.35,1026.81,3.69,88.00
Tue 05/05/2026 - 13:28:04,26.58,51.12,1026.76,3.69,88.00
Tue 05/05/2026 - 13:28:38,26.54,51.31,1026.80,3.69,88.00
Tue 05/05/2026 - 13:29:12,26.52,51.61,1026.68,3.69,88.00
Tue 05/05/2026 - 13:29:45,26.48,51.77,1026.75,3.69,88.00
Tue 05/05/2026 - 13:30:19,26.48,51.59,1026.78,3.69,88.00
Tue 05/05/2026 - 13:30:53,26.49,51.65,1026.77,3.69,88.00
Tue 05/05/2026 - 13:31:27,26.47,51.48,1026.73,3.69,88.00
Tue 05/05/2026 - 13:32:01,26.49,51.37,1026.72,3.69,88.00
Tue 05/05/2026 - 13:32:35,26.50,51.34,1026.76,3.69,88.00
Tue 05/05/2026 - 13:33:09,26.48,51.67,1026.73,3.69,88.00
Tue 05/05/2026 - 13:33:43,26.47,51.77,1026.70,3.69,88.00
Tue 05/05/2026 - 13:34:17,26.45,51.77,1026.73,3.69,88.00
Tue 05/05/2026 - 13:34:51,26.45,51.87,1026.75,3.69,88.00
Tue 05/05/2026 - 13:35:25,26.42,52.06,1026.81,3.69,88.00
Tue 05/05/2026 - 13:35:59,26.37,52.12,1026.72,3.69,88.00
Tue 05/05/2026 - 13:36:33,26.32,52.20,1026.71,3.69,88.00
Tue 05/05/2026 - 13:37:07,26.28,52.28,1026.72,3.69,88.00
Tue 05/05/2026 - 13:37:41,26.26,52.36,1026.74,3.69,88.00
Tue 05/05/2026 - 13:38:15,26.22,52.44,1026.65,3.69,88.00
Tue 05/05/2026 - 13:38:48,26.18,52.47,1026.63,3.69,88.00
Tue 05/05/2026 - 13:39:22,26.14,52.57,1026.67,3.69,88.00
Tue 05/05/2026 - 13:39:56,26.12,52.50,1026.66,3.69,88.00
Tue 05/05/2026 - 13:40:30,26.06,52.75,1026.66,3.69,88.00
Tue 05/05/2026 - 13:41:04,26.03,52.58,1026.64,3.69,88.00
Tue 05/05/2026 - 13:41:38,26.00,52.83,1026.65,3.69,88.00
Tue 05/05/2026 - 13:42:12,25.97,53.03,1026.63,3.69,88.00
Tue 05/05/2026 - 13:42:46,25.93,53.29,1026.61,3.69,88.00
Tue 05/05/2026 - 13:43:20,25.88,53.07,1026.69,3.69,88.00
Tue 05/05/2026 - 13:43:54,25.87,52.92,1026.65,3.69,88.00
Tue 05/05/2026 - 13:44:28,25.84,53.09,1026.65,3.69,88.00
Tue 05/05/2026 - 13:45:02,25.85,53.41,1026.67,3.69,88.00
Tue 05/05/2026 - 13:45:36,25.72,54.55,1026.69,3.69,88.00
Tue 05/05/2026 - 13:46:10,25.73,53.77,1026.63,3.69,88.00
Tue 05/05/2026 - 13:46:44,25.72,53.41,1026.63,3.69,88.00
Tue 05/05/2026 - 13:47:17,25.70,53.47,1026.63,3.69,88.00
Tue 05/05/2026 - 13:47:51,25.70,53.37,1026.60,3.69,88.00
Tue 05/05/2026 - 13:48:25,25.72,53.27,1026.61,3.69,88.00
Tue 05/05/2026 - 13:48:59,25.71,53.36,1026.65,3.69,88.00
Tue 05/05/2026 - 13:49:33,25.70,53.45,1026.65,3.69,88.00
Tue 05/05/2026 - 13:50:07,25.69,53.58,1026.61,3.69,88.00
Tue 05/05/2026 - 13:50:41,25.68,53.91,1026.65,3.69,88.00
Tue 05/05/2026 - 13:51:15,25.64,53.92,1026.61,3.69,88.00
Tue 05/05/2026 - 13:51:49,25.64,53.95,1026.63,3.69,88.00
Tue 05/05/2026 - 13:52:23,25.62,53.98,1026.63,3.69,88.00
Tue 05/05/2026 - 13:52:57,25.59,54.03,1026.71,3.69,88.00
Tue 05/05/2026 - 13:53:31,25.55,54.09,1026.64,3.69,88.00
Tue 05/05/2026 - 13:54:05,25.52,54.16,1026.57,3.69,88.00
Tue 05/05/2026 - 13:54:39,25.53,54.29,1026.62,3.69,88.00
Tue 05/05/2026 - 13:55:13,25.54,54.38,1026.62,3.69,88.00
Tue 05/05/2026 - 13:55:47,25.54,54.37,1026.51,3.69,88.00
Tue 05/05/2026 - 13:56:20,25.54,54.29,1026.66,3.69,88.00
Tue 05/05/2026 - 13:56:54,25.55,54.14,1026.61,3.69,88.00
Tue 05/05/2026 - 13:57:28,25.56,54.16,1026.60,3.69,88.00
Tue 05/05/2026 - 13:58:02,25.57,54.34,1026.57,3.69,88.00
Tue 05/05/2026 - 13:58:36,25.56,54.31,1026.52,3.69,88.00
Tue 05/05/2026 - 13:59:10,25.50,54.24,1026.54,3.69,88.00
Tue 05/05/2026 - 13:59:44,25.50,54.40,1026.56,3.69,88.00
Tue 05/05/2026 - 14:00:18,25.54,54.46,1026.62,3.69,88.00
Tue 05/05/2026 - 14:00:52,25.53,54.46,1026.62,3.69,88.00
Tue 05/05/2026 - 14:01:26,25.54,54.50,1026.60,3.69,88.00
Tue 05/05/2026 - 14:02:00,25.54,54.26,1026.60,3.69,88.00
Tue 05/05/2026 - 14:02:34,25.56,54.21,1026.60,3.69,88.00
Tue 05/05/2026 - 14:03:08,25.54,54.26,1026.60,3.69,88.00
Tue 05/05/2026 - 14:03:42,25.53,54.35,1026.62,3.69,88.00
Tue 05/05/2026 - 14:04:16,25.54,54.32,1026.65,3.69,88.00
Tue 05/05/2026 - 14:04:50,25.55,54.50,1026.56,3.69,88.00
Tue 05/05/2026 - 14:05:24,25.54,54.41,1026.58,3.69,88.00
Tue 05/05/2026 - 14:05:58,25.55,54.46,1026.61,3.69,88.00
Tue 05/05/2026 - 14:06:32,25.53,54.36,1026.61,3.69,88.00
Tue 05/05/2026 - 14:07:05,25.50,54.31,1026.51,3.69,88.00
Tue 05/05/2026 - 14:07:39,25.55,54.22,1026.64,3.69,88.00
Tue 05/05/2026 - 14:08:13,25.56,54.37,1026.60,3.69,88.00
Tue 05/05/2026 - 14:08:47,25.55,54.34,1026.60,3.69,88.00
Tue 05/05/2026 - 14:09:21,25.55,54.47,1026.57,3.69,88.00
Tue 05/05/2026 - 14:09:55,25.57,54.45,1026.60,3.69,88.00
Tue 05/05/2026 - 14:10:29,25.60,54.53,1026.56,3.69,88.00
Tue 05/05/2026 - 14:11:03,25.59,54.54,1026.55,3.69,88.00
Tue 05/05/2026 - 14:11:37,25.60,54.62,1026.63,3.69,88.00
Tue 05/05/2026 - 14:12:11,25.63,54.24,1026.62,3.69,88.00
Tue 05/05/2026 - 14:12:45,25.64,54.15,1026.56,3.70,88.00
Tue 05/05/2026 - 14:13:19,25.67,53.89,1026.58,3.70,88.00
Tue 05/05/2026 - 14:13:53,25.71,53.97,1026.52,3.70,88.00
Tue 05/05/2026 - 14:14:27,25.74,54.00,1026.53,3.70,88.00
Tue 05/05/2026 - 14:15:01,25.76,54.04,1026.57,3.70,88.00
Tue 05/05/2026 - 14:15:35,25.79,53.92,1026.56,3.71,88.00
Tue 05/05/2026 - 14:16:09,25.84,53.59,1026.59,3.71,88.00
Tue 05/05/2026 - 14:16:43,25.87,53.33,1026.59,3.71,88.00
Tue 05/05/2026 - 14:17:17,25.89,53.45,1026.50,3.71,88.00
Tue 05/05/2026 - 14:17:51,25.93,53.14,1026.53,3.71,88.00
Tue 05/05/2026 - 14:18:25,25.94,53.37,1026.52,3.70,88.00
Tue 05/05/2026 - 14:18:59,25.96,53.49,1026.53,3.70,88.00
Tue 05/05/2026 - 14:19:33,25.95,53.45,1026.51,3.70,88.00
Tue 05/05/2026 - 14:20:07,25.96,53.34,1026.53,3.70,88.00
Tue 05/05/2026 - 14:20:41,25.97,53.36,1026.45,3.70,88.00
Tue 05/05/2026 - 14:21:14,25.95,53.49,1026.51,3.70,88.00
Tue 05/05/2026 - 14:21:48,25.94,53.47,1026.52,3.69,88.00
Tue 05/05/2026 - 14:22:22,25.92,53.52,1026.46,3.69,88.00
Tue 05/05/2026 - 14:22:56,25.89,53.50,1026.52,3.70,88.00
Tue 05/05/2026 - 14:23:30,25.87,53.53,1026.52,3.69,88.00
Tue 05/05/2026 - 14:24:04,25.86,53.58,1026.46,3.69,88.00
Tue 05/05/2026 - 14:24:38,25.83,53.49,1026.47,3.69,88.00
Tue 05/05/2026 - 14:25:12,25.80,53.63,1026.53,3.69,88.00
Tue 05/05/2026 - 14:25:46,25.79,53.70,1026.48,3.69,88.00
Tue 05/05/2026 - 14:26:20,25.79,53.52,1026.48,3.69,88.00
Tue 05/05/2026 - 14:26:54,25.80,53.45,1026.58,3.69,88.00
Tue 05/05/2026 - 14:27:28,25.74,53.52,1026.54,3.69,88.00
Tue 05/05/2026 - 14:28:02,25.74,53.78,1026.59,3.69,88.00
Tue 05/05/2026 - 14:28:36,25.74,53.80,1026.54,3.69,88.00
Tue 05/05/2026 - 14:29:10,25.75,53.73,1026.55,3.69,88.00
Tue 05/05/2026 - 14:29:44,25.75,53.82,1026.58,3.69,88.00
Tue 05/05/2026 - 14:30:17,25.75,53.87,1026.55,3.69,88.00
Tue 05/05/2026 - 14:30:51,25.72,53.84,1026.58,3.69,88.00
Tue 05/05/2026 - 14:31:25,25.69,53.99,1026.54,3.69,88.00
Tue 05/05/2026 - 14:31:59,25.68,54.08,1026.48,3.69,88.00
Tue 05/05/2026 - 14:32:33,25.67,54.05,1026.52,3.69,88.00
Tue 05/05/2026 - 14:33:07,25.67,54.35,1026.52,3.69,88.00
Tue 05/05/2026 - 14:33:41,25.67,54.50,1026.52,3.69,88.00
Tue 05/05/2026 - 14:34:15,25.65,54.73,1026.49,3.69,88.00
Tue 05/05/2026 - 14:34:49,25.62,54.79,1026.50,3.69,88.00
Tue 05/05/2026 - 14:35:23,25.62,54.90,1026.46,3.69,88.00
Tue 05/05/2026 - 14:35:57,25.61,54.74,1026.47,3.69,88.00
Tue 05/05/2026 - 14:36:31,25.60,54.68,1026.51,3.69,88.00
Tue 05/05/2026 - 14:37:05,25.59,54.54,1026.55,3.69,88.00
Tue 05/05/2026 - 14:37:39,25.58,54.46,1026.42,3.69,88.00
Tue 05/05/2026 - 14:38:13,25.59,54.40,1026.55,3.69,88.00
Tue 05/05/2026 - 14:38:47,25.55,54.60,1026.48,3.69,88.00
Tue 05/05/2026 - 14:39:21,25.54,54.77,1026.47,3.69,88.00
Tue 05/05/2026 - 14:39:55,25.55,54.84,1026.50,3.69,88.00
Tue 05/05/2026 - 14:40:28,25.55,54.87,1026.48,3.69,88.00
Tue 05/05/2026 - 14:41:02,25.53,54.94,1026.44,3.69,88.00
Tue 05/05/2026 - 14:41:36,25.52,54.95,1026.48,3.69,88.00
Tue 05/05/2026 - 14:42:10,25.52,54.81,1026.48,3.69,88.00
Tue 05/05/2026 - 14:42:44,25.52,54.83,1026.51,3.69,88.00
Tue 05/05/2026 - 14:43:18,25.53,54.95,1026.47,3.69,88.00
Tue 05/05/2026 - 14:43:52,25.53,54.84,1026.50,3.69,88.00
Tue 05/05/2026 - 14:44:26,25.51,54.89,1026.42,3.69,88.00
Tue 05/05/2026 - 14:45:00,25.51,54.88,1026.41,3.69,88.00
Tue 05/05/2026 - 14:45:34,25.47,55.07,1026.36,3.69,88.00
Tue 05/05/2026 - 14:46:08,25.44,55.11,1026.41,3.69,88.00
Tue 05/05/2026 - 14:46:42,25.45,55.02,1026.42,3.69,88.00
Tue 05/05/2026 - 14:47:16,25.45,55.01,1026.42,3.69,88.00
Tue 05/05/2026 - 14:47:50,25.47,55.08,1026.49,3.69,88.00
Tue 05/05/2026 - 14:48:24,25.46,55.05,1026.45,3.69,88.00
Tue 05/05/2026 - 14:48:58,25.45,55.04,1026.45,3.69,88.00
Tue 05/05/2026 - 14:49:32,25.44,55.09,1026.41,3.69,88.00
Tue 05/05/2026 - 14:50:06,25.43,55.05,1026.48,3.69,88.00
Tue 05/05/2026 - 14:50:40,25.43,55.05,1026.45,3.69,88.00
Tue 05/05/2026 - 14:51:13,25.42,55.10,1026.43,3.69,88.00
Tue 05/05/2026 - 14:51:47,25.42,55.12,1026.49,3.69,88.00
Tue 05/05/2026 - 14:52:21,25.39,55.12,1026.46,3.69,88.00
Tue 05/05/2026 - 14:52:55,25.40,55.16,1026.45,3.69,88.00
Tue 05/05/2026 - 14:53:29,25.40,55.27,1026.45,3.69,88.00
Tue 05/05/2026 - 14:54:03,25.37,55.25,1026.46,3.69,88.00
Tue 05/05/2026 - 14:54:37,25.35,55.33,1026.42,3.69,88.00
Tue 05/05/2026 - 14:55:11,25.34,55.37,1026.42,3.69,88.00
Tue 05/05/2026 - 14:55:45,25.32,55.43,1026.43,3.69,88.00
Tue 05/05/2026 - 14:56:19,25.31,55.46,1026.54,3.70,88.00
Tue 05/05/2026 - 14:56:53,25.30,55.53,1026.44,3.69,88.00
Tue 05/05/2026 - 14:57:27,25.28,55.55,1026.49,3.69,88.00
Tue 05/05/2026 - 14:58:01,25.26,55.62,1026.49,3.69,88.00
Tue 05/05/2026 - 14:58:35,25.27,55.59,1026.39,3.70,88.00
Tue 05/05/2026 - 14:59:09,25.24,55.65,1026.47,3.69,88.00
Tue 05/05/2026 - 14:59:43,25.22,55.74,1026.45,3.69,88.00
Tue 05/05/2026 - 15:00:17,25.21,55.80,1026.39,3.69,88.00
Tue 05/05/2026 - 15:00:50,25.20,55.74,1026.49,3.69,88.00
Tue 05/05/2026 - 15:01:24,25.19,55.77,1026.48,3.69,88.00
Tue 05/05/2026 - 15:01:58,25.19,55.78,1026.48,3.69,88.00
Tue 05/05/2026 - 15:02:32,25.16,55.89,1026.53,3.69,88.00
Tue 05/05/2026 - 15:03:06,25.16,55.79,1026.53,3.69,88.00
Tue 05/05/2026 - 15:03:40,25.14,55.91,1026.47,3.69,88.00
Tue 05/05/2026 - 15:04:14,25.13,55.90,1026.45,3.69,88.00
Tue 05/05/2026 - 15:04:48,25.12,55.92,1026.46,3.69,88.00
Tue 05/05/2026 - 15:05:22,25.11,55.89,1026.44,3.69,88.00
Tue 05/05/2026 - 15:05:56,25.10,56.01,1026.45,3.69,88.00
Tue 05/05/2026 - 15:06:30,25.10,55.96,1026.40,3.69,88.00
Tue 05/05/2026 - 15:07:04,25.08,55.99,1026.40,3.69,88.00
Tue 05/05/2026 - 15:07:38,25.08,56.06,1026.39,3.69,88.00
Tue 05/05/2026 - 15:08:12,25.07,56.01,1026.43,3.69,88.00
Tue 05/05/2026 - 15:08:46,25.07,56.02,1026.38,3.69,88.00
Tue 05/05/2026 - 15:09:19,25.07,56.07,1026.49,3.69,88.00
Tue 05/05/2026 - 15:09:53,25.06,56.03,1026.43,3.70,88.00
Tue 05/05/2026 - 15:10:27,25.05,56.11,1026.45,3.69,88.00
Tue 05/05/2026 - 15:11:01,25.04,56.10,1026.49,3.69,88.00
Tue 05/05/2026 - 15:11:35,25.03,56.14,1026.49,3.69,88.00
Tue 05/05/2026 - 15:12:09,25.03,56.23,1026.39,3.70,88.00
Tue 05/05/2026 - 15:12:43,25.02,56.22,1026.46,3.69,88.00
Tue 05/05/2026 - 15:13:17,25.01,56.19,1026.47,3.69,88.00
Tue 05/05/2026 - 15:13:51,25.00,56.21,1026.48,3.69,88.00
Tue 05/05/2026 - 15:14:25,24.99,56.30,1026.47,3.69,88.00
Tue 05/05/2026 - 15:14:59,25.00,56.28,1026.50,3.69,88.00
Tue 05/05/2026 - 15:15:33,24.97,56.35,1026.42,3.69,88.00
Tue 05/05/2026 - 15:16:07,24.97,56.37,1026.45,3.69,88.00
Tue 05/05/2026 - 15:16:41,24.96,56.35,1026.52,3.69,88.00
Tue 05/05/2026 - 15:17:15,24.96,56.41,1026.42,3.69,88.00
Tue 05/05/2026 - 15:17:49,24.94,56.47,1026.38,3.69,88.00
Tue 05/05/2026 - 15:18:22,24.93,56.42,1026.46,3.69,88.00
Tue 05/05/2026 - 15:18:56,24.94,56.43,1026.51,3.69,88.00
Tue 05/05/2026 - 15:19:30,24.92,56.46,1026.42,3.69,88.00
Tue 05/05/2026 - 15:20:04,24.90,56.56,1026.45,3.69,88.00
Tue 05/05/2026 - 15:20:38,24.90,56.56,1026.47,3.69,88.00
Tue 05/05/2026 - 15:21:12,24.88,56.61,1026.44,3.69,88.00
Tue 05/05/2026 - 15:21:46,24.87,56.67,1026.42,3.70,88.00
Tue 05/05/2026 - 15:22:20,24.87,56.70,1026.47,3.69,88.00
Tue 05/05/2026 - 15:22:54,24.85,56.73,1026.42,3.69,88.00
Tue 05/05/2026 - 15:23:28,24.85,56.75,1026.38,3.69,88.00
Tue 05/05/2026 - 15:24:02,24.83,56.79,1026.38,3.69,88.00
Tue 05/05/2026 - 15:24:36,24.84,56.82,1026.42,3.69,88.00
Tue 05/05/2026 - 15:25:10,24.83,56.86,1026.32,3.70,88.00
Tue 05/05/2026 - 15:25:43,24.82,56.91,1026.39,3.69,88.00
Tue 05/05/2026 - 15:26:17,24.82,56.88,1026.38,3.69,88.00
Tue 05/05/2026 - 15:26:51,24.80,56.87,1026.40,3.69,88.00
Tue 05/05/2026 - 15:27:25,24.79,56.92,1026.45,3.69,88.00
Tue 05/05/2026 - 15:27:59,24.77,56.99,1026.39,3.69,88.00
Tue 05/05/2026 - 15:28:33,24.77,57.00,1026.41,3.69,88.00
Tue 05/05/2026 - 15:29:07,24.75,57.03,1026.41,3.69,88.00
Tue 05/05/2026 - 15:29:41,24.75,57.07,1026.40,3.69,88.00
Tue 05/05/2026 - 15:30:15,24.74,57.08,1026.38,3.69,88.00
Tue 05/05/2026 - 15:30:49,24.74,57.12,1026.42,3.69,88.00
Tue 05/05/2026 - 15:31:23,24.73,57.13,1026.43,3.69,88.00
Tue 05/05/2026 - 15:31:57,24.73,57.13,1026.45,3.69,88.00
Tue 05/05/2026 - 15:32:31,24.71,57.17,1026.31,3.69,88.00
Tue 05/05/2026 - 15:33:05,24.71,57.24,1026.36,3.69,88.00
Tue 05/05/2026 - 15:33:39,24.69,57.21,1026.38,3.69,88.00
Tue 05/05/2026 - 15:34:12,24.69,57.31,1026.43,3.69,88.00
Tue 05/05/2026 - 15:34:46,24.68,57.35,1026.36,3.69,88.00
Tue 05/05/2026 - 15:35:20,24.67,57.38,1026.41,3.69,88.00
Tue 05/05/2026 - 15:35:54,24.67,57.40,1026.41,3.69,88.00
Tue 05/05/2026 - 15:36:28,24.67,57.36,1026.40,3.69,88.00
Tue 05/05/2026 - 15:37:02,24.66,57.41,1026.41,3.69,88.00
Tue 05/05/2026 - 15:37:36,24.66,57.54,1026.36,3.69,88.00
Tue 05/05/2026 - 15:38:10,24.66,57.54,1026.44,3.69,88.00
Tue 05/05/2026 - 15:38:44,24.65,57.53,1026.50,3.69,88.00
Tue 05/05/2026 - 15:39:18,24.64,57.62,1026.52,3.69,88.00
Tue 05/05/2026 - 15:39:52,24.64,57.55,1026.46,3.69,88.00
Tue 05/05/2026 - 15:40:26,24.63,57.55,1026.45,3.69,88.00
Tue 05/05/2026 - 15:41:00,24.63,57.50,1026.49,3.69,88.00
Tue 05/05/2026 - 15:41:34,24.63,57.53,1026.38,3.69,88.00
Tue 05/05/2026 - 15:42:08,24.62,57.57,1026.42,3.69,88.00
Tue 05/05/2026 - 15:42:41,24.62,57.53,1026.48,3.69,88.00
Tue 05/05/2026 - 15:43:15,24.59,57.58,1026.46,3.70,88.00
Tue 05/05/2026 - 15:43:49,24.59,57.59,1026.44,3.69,88.00
Tue 05/05/2026 - 15:44:23,24.58,57.64,1026.52,3.69,88.00
Tue 05/05/2026 - 15:44:57,24.56,57.61,1026.44,3.69,88.00
Tue 05/05/2026 - 15:45:31,24.56,57.61,1026.38,3.69,88.00
Tue 05/05/2026 - 15:46:05,24.57,57.61,1026.46,3.69,88.00
Tue 05/05/2026 - 15:46:39,24.55,57.67,1026.45,3.69,88.00
Tue 05/05/2026 - 15:47:13,24.55,57.72,1026.45,3.69,88.00
Tue 05/05/2026 - 15:47:47,24.54,57.76,1026.46,3.69,88.00
Tue 05/05/2026 - 15:48:21,24.54,57.78,1026.46,3.69,88.00
Tue 05/05/2026 - 15:48:55,24.52,57.79,1026.45,3.69,88.00
Tue 05/05/2026 - 15:49:29,24.52,57.83,1026.38,3.69,88.00
Tue 05/05/2026 - 15:50:03,24.51,57.85,1026.44,3.69,88.00
Tue 05/05/2026 - 15:50:36,24.51,57.84,1026.41,3.69,88.00
Tue 05/05/2026 - 15:51:10,24.50,57.85,1026.40,3.69,88.00
Tue 05/05/2026 - 15:51:44,24.50,57.91,1026.45,3.69,88.00
Tue 05/05/2026 - 15:52:18,24.50,57.91,1026.42,3.69,88.00
Tue 05/05/2026 - 15:52:52,24.50,57.99,1026.50,3.69,88.00
Tue 05/05/2026 - 15:53:26,24.48,58.02,1026.42,3.69,88.00
Tue 05/05/2026 - 15:54:00,24.48,57.94,1026.36,3.69,88.00
Tue 05/05/2026 - 15:54:34,24.48,57.93,1026.41,3.69,88.00
Tue 05/05/2026 - 15:55:08,24.50,57.94,1026.44,3.69,88.00
Tue 05/05/2026 - 15:55:42,24.49,57.97,1026.49,3.69,88.00
Tue 05/05/2026 - 15:56:16,24.48,57.96,1026.39,3.69,88.00
Tue 05/05/2026 - 15:56:50,24.47,58.10,1026.40,3.69,88.00
Tue 05/05/2026 - 15:57:24,24.48,58.04,1026.41,3.69,88.00
Tue 05/05/2026 - 15:57:58,24.46,58.12,1026.46,3.69,88.00
Tue 05/05/2026 - 15:58:32,24.46,58.11,1026.48,3.69,88.00
Tue 05/05/2026 - 15:59:06,24.45,58.16,1026.44,3.69,88.00
Tue 05/05/2026 - 15:59:39,24.44,58.19,1026.46,3.69,88.00
Tue 05/05/2026 - 16:00:13,24.44,58.18,1026.43,3.69,88.00
Tue 05/05/2026 - 16:00:47,24.44,58.24,1026.46,3.69,88.00
Tue 05/05/2026 - 16:01:21,24.43,58.21,1026.44,3.69,88.00
Tue 05/05/2026 - 16:01:55,24.43,58.18,1026.48,3.69,88.00
Tue 05/05/2026 - 16:02:29,24.42,58.19,1026.48,3.69,88.00
Tue 05/05/2026 - 16:03:03,24.40,58.23,1026.39,3.69,88.00
Tue 05/05/2026 - 16:03:37,24.42,58.23,1026.47,3.69,88.00
Tue 05/05/2026 - 16:04:11,24.42,58.25,1026.48,3.69,88.00
Tue 05/05/2026 - 16:04:45,24.40,58.27,1026.36,3.69,88.00
Tue 05/05/2026 - 16:05:19,24.40,58.32,1026.39,3.69,88.00
Tue 05/05/2026 - 16:05:53,24.38,58.38,1026.41,3.69,88.00
Tue 05/05/2026 - 16:06:27,24.38,58.37,1026.41,3.69,88.00
Tue 05/05/2026 - 16:07:01,24.37,58.42,1026.44,3.69,88.00
Tue 05/05/2026 - 16:07:35,24.37,58.41,1026.46,3.69,88.00
Tue 05/05/2026 - 16:08:08,24.35,58.42,1026.44,3.69,88.00
Tue 05/05/2026 - 16:08:42,24.35,58.41,1026.49,3.69,88.00
Tue 05/05/2026 - 16:09:16,24.34,58.45,1026.50,3.69,88.00
Tue 05/05/2026 - 16:09:50,24.33,58.52,1026.48,3.69,88.00
Tue 05/05/2026 - 16:10:24,24.32,58.55,1026.51,3.69,88.00
Tue 05/05/2026 - 16:10:58,24.30,58.54,1026.38,3.69,88.00
Tue 05/05/2026 - 16:11:32,24.29,58.57,1026.50,3.69,88.00
Tue 05/05/2026 - 16:12:06,24.30,58.50,1026.49,3.69,88.00
Tue 05/05/2026 - 16:12:40,24.30,58.55,1026.54,3.69,88.00
Tue 05/05/2026 - 16:13:14,24.29,58.58,1026.46,3.69,88.00
Tue 05/05/2026 - 16:13:48,24.28,58.60,1026.45,3.69,88.00
Tue 05/05/2026 - 16:14:22,24.28,58.57,1026.43,3.69,88.00
Tue 05/05/2026 - 16:14:56,24.27,58.70,1026.48,3.69,88.00
Tue 05/05/2026 - 16:15:30,24.27,58.65,1026.37,3.69,88.00
Tue 05/05/2026 - 16:16:03,24.25,58.64,1026.39,3.69,88.00
Tue 05/05/2026 - 16:16:37,24.25,58.56,1026.43,3.69,88.00
Tue 05/05/2026 - 16:17:11,24.25,58.56,1026.42,3.69,88.00
Tue 05/05/2026 - 16:17:45,24.23,58.56,1026.42,3.69,88.00
Tue 05/05/2026 - 16:18:19,24.22,58.54,1026.46,3.69,88.00
Tue 05/05/2026 - 16:18:53,24.20,58.49,1026.42,3.69,88.00
Tue 05/05/2026 - 16:19:27,24.21,58.51,1026.47,3.69,88.00
Tue 05/05/2026 - 16:20:01,24.19,58.54,1026.38,3.69,88.00
Tue 05/05/2026 - 16:20:35,24.18,58.52,1026.39,3.69,88.00
Tue 05/05/2026 - 16:21:09,24.16,58.58,1026.40,3.69,88.00
Tue 05/05/2026 - 16:21:43,24.15,58.63,1026.42,3.69,88.00
Tue 05/05/2026 - 16:22:17,24.14,58.67,1026.40,3.69,88.00
Tue 05/05/2026 - 16:22:51,24.11,58.71,1026.38,3.69,88.00
Tue 05/05/2026 - 16:23:24,24.09,58.71,1026.41,3.69,88.00
Tue 05/05/2026 - 16:23:58,24.08,58.82,1026.43,3.69,88.00
Tue 05/05/2026 - 16:24:32,24.04,58.65,1026.39,3.69,88.00
Tue 05/05/2026 - 16:25:06,24.04,58.72,1026.39,3.69,88.00
Tue 05/05/2026 - 16:25:40,24.01,58.64,1026.37,3.69,88.00
Tue 05/05/2026 - 16:26:14,24.00,58.73,1026.35,3.69,88.00
Tue 05/05/2026 - 16:26:48,23.97,58.82,1026.44,3.69,88.00
Tue 05/05/2026 - 16:27:22,23.97,58.83,1026.41,3.69,88.00
Tue 05/05/2026 - 16:27:56,23.94,58.85,1026.37,3.69,88.00
Tue 05/05/2026 - 16:28:30,23.92,58.85,1026.38,3.68,88.00
Tue 05/05/2026 - 16:29:04,23.91,58.98,1026.33,3.69,88.00
Tue 05/05/2026 - 16:29:38,23.87,59.01,1026.41,3.69,88.00
Tue 05/05/2026 - 16:30:12,23.87,59.06,1026.41,3.69,88.00
Tue 05/05/2026 - 16:30:46,23.83,59.16,1026.41,3.69,88.00
Tue 05/05/2026 - 16:31:20,23.78,59.29,1026.42,3.69,88.00
Tue 05/05/2026 - 16:31:54,23.74,59.58,1026.39,3.69,88.00
Tue 05/05/2026 - 16:32:27,23.70,59.79,1026.38,3.69,88.00
Tue 05/05/2026 - 16:33:01,23.64,59.98,1026.43,3.69,88.00
Tue 05/05/2026 - 16:33:35,23.61,60.12,1026.43,3.69,88.00
Tue 05/05/2026 - 16:34:09,23.58,60.36,1026.45,3.69,88.00
Tue 05/05/2026 - 16:34:43,23.56,60.50,1026.47,3.69,88.00
Tue 05/05/2026 - 16:35:17,23.52,60.63,1026.36,3.69,88.00
Tue 05/05/2026 - 16:35:51,23.50,60.81,1026.48,3.69,88.00
Tue 05/05/2026 - 16:36:25,23.46,60.85,1026.36,3.69,88.00
Tue 05/05/2026 - 16:36:59,23.43,61.05,1026.41,3.69,88.00
Tue 05/05/2026 - 16:37:33,23.40,61.21,1026.48,3.69,88.00
Tue 05/05/2026 - 16:38:07,23.38,61.06,1026.39,3.69,88.00
Tue 05/05/2026 - 16:38:41,23.36,61.15,1026.41,3.69,88.00
Tue 05/05/2026 - 16:39:15,23.34,61.27,1026.40,3.69,88.00
Tue 05/05/2026 - 16:39:49,23.31,61.43,1026.48,3.69,88.00
Tue 05/05/2026 - 16:40:23,23.27,61.47,1026.47,3.69,88.00
Tue 05/05/2026 - 16:40:57,23.25,61.38,1026.41,3.69,88.00
Tue 05/05/2026 - 16:41:31,23.22,61.45,1026.47,3.69,88.00
Tue 05/05/2026 - 16:42:05,23.21,61.67,1026.49,3.69,88.00
Tue 05/05/2026 - 16:42:38,23.18,61.65,1026.43,3.69,88.00
Tue 05/05/2026 - 16:43:12,23.17,61.51,1026.47,3.69,88.00
Tue 05/05/2026 - 16:43:46,23.15,61.68,1026.55,3.69,88.00
Tue 05/05/2026 - 16:44:20,23.14,61.73,1026.44,3.69,88.00
Tue 05/05/2026 - 16:44:54,23.14,61.64,1026.55,3.69,88.00
Tue 05/05/2026 - 16:45:28,23.12,61.80,1026.46,3.69,88.00
Tue 05/05/2026 - 16:46:02,23.09,61.90,1026.52,3.69,88.00
Tue 05/05/2026 - 16:46:36,23.08,61.84,1026.56,3.69,88.00
Tue 05/05/2026 - 16:47:10,23.06,61.81,1026.49,3.69,88.00
Tue 05/05/2026 - 16:47:44,23.03,61.91,1026.50,3.69,88.00
Tue 05/05/2026 - 16:48:18,23.01,62.01,1026.57,3.69,88.00
Tue 05/05/2026 - 16:48:52,23.01,61.85,1026.49,3.69,88.00
Tue 05/05/2026 - 16:49:26,22.99,61.92,1026.51,3.69,88.00
Tue 05/05/2026 - 16:50:00,22.96,62.03,1026.48,3.69,88.00
Tue 05/05/2026 - 16:50:34,22.93,62.16,1026.47,3.69,88.00
Tue 05/05/2026 - 16:51:08,22.92,62.19,1026.52,3.69,88.00
Tue 05/05/2026 - 16:51:42,22.89,62.23,1026.44,3.69,88.00
Tue 05/05/2026 - 16:52:15,22.88,62.25,1026.45,3.69,88.00
Tue 05/05/2026 - 16:52:49,22.88,62.19,1026.56,3.69,88.00
Tue 05/05/2026 - 16:53:23,22.87,62.36,1026.55,3.69,88.00
Tue 05/05/2026 - 16:53:57,22.85,62.27,1026.49,3.69,88.00
Tue 05/05/2026 - 16:54:31,22.82,62.37,1026.57,3.69,88.00
Tue 05/05/2026 - 16:55:05,22.81,62.42,1026.58,3.69,88.00
Tue 05/05/2026 - 16:55:39,22.79,62.37,1026.51,3.69,88.00
Tue 05/05/2026 - 16:56:13,22.77,62.53,1026.51,3.69,88.00
Tue 05/05/2026 - 16:56:47,22.75,62.51,1026.52,3.69,88.00
Tue 05/05/2026 - 16:57:21,22.73,62.69,1026.59,3.69,88.00
Tue 05/05/2026 - 16:57:55,22.72,62.59,1026.60,3.69,88.00
Tue 05/05/2026 - 16:58:29,22.71,62.54,1026.55,3.69,88.00
Tue 05/05/2026 - 16:59:03,22.69,62.72,1026.58,3.69,88.00
Tue 05/05/2026 - 16:59:37,22.66,62.90,1026.52,3.69,88.00
Tue 05/05/2026 - 17:00:11,22.64,62.93,1026.63,3.69,88.00
Tue 05/05/2026 - 17:00:45,22.61,63.11,1026.49,3.69,88.00
Tue 05/05/2026 - 17:01:19,22.57,63.17,1026.61,3.69,88.00
Tue 05/05/2026 - 17:01:53,22.53,63.26,1026.63,3.69,88.00
Tue 05/05/2026 - 17:02:27,22.53,63.25,1026.54,3.69,88.00
Tue 05/05/2026 - 17:03:01,22.50,63.33,1026.57,3.69,88.00
Tue 05/05/2026 - 17:03:34,22.48,63.47,1026.51,3.69,88.00
Tue 05/05/2026 - 17:04:08,22.46,63.59,1026.61,3.69,88.00
Tue 05/05/2026 - 17:04:42,22.42,63.63,1026.49,3.69,88.00
Tue 05/05/2026 - 17:05:16,22.41,63.72,1026.50,3.69,88.00
Tue 05/05/2026 - 17:05:50,22.38,63.74,1026.52,3.69,88.00
Tue 05/05/2026 - 17:06:24,22.37,63.77,1026.51,3.69,88.00
Tue 05/05/2026 - 17:06:58,22.36,63.80,1026.50,3.69,88.00
Tue 05/05/2026 - 17:07:32,22.34,63.84,1026.52,3.69,88.00
Tue 05/05/2026 - 17:08:06,22.32,63.83,1026.49,3.69,88.00
Tue 05/05/2026 - 17:08:40,22.32,63.77,1026.49,3.69,88.00
Tue 05/05/2026 - 17:09:14,22.32,63.82,1026.48,3.69,88.00
Tue 05/05/2026 - 17:09:48,22.31,63.79,1026.46,3.69,88.00
Tue 05/05/2026 - 17:10:22,22.29,63.88,1026.49,3.69,88.00
Tue 05/05/2026 - 17:10:56,22.28,63.92,1026.41,3.69,88.00
Tue 05/05/2026 - 17:11:30,22.26,64.00,1026.38,3.69,88.00
Tue 05/05/2026 - 17:12:04,22.24,64.12,1026.40,3.69,88.00
Tue 05/05/2026 - 17:12:38,22.21,64.26,1026.43,3.69,88.00
Tue 05/05/2026 - 17:13:12,22.18,64.30,1026.38,3.69,88.00
Tue 05/05/2026 - 17:13:46,22.17,64.27,1026.33,3.69,88.00
Tue 05/05/2026 - 17:14:19,22.15,64.46,1026.35,3.69,88.00
Tue 05/05/2026 - 17:14:53,22.11,64.57,1026.44,3.69,88.00
Tue 05/05/2026 - 17:15:27,22.08,64.56,1026.34,3.69,88.00
Tue 05/05/2026 - 17:16:01,22.07,64.67,1026.36,3.69,88.00
Tue 05/05/2026 - 17:16:35,22.06,64.68,1026.33,3.69,88.00
Tue 05/05/2026 - 17:17:09,22.03,64.72,1026.37,3.69,88.00
Tue 05/05/2026 - 17:17:43,22.03,64.75,1026.32,3.69,88.00
Tue 05/05/2026 - 17:18:17,22.00,64.82,1026.35,3.69,88.00
Tue 05/05/2026 - 17:18:51,21.98,64.80,1026.27,3.69,88.00
Tue 05/05/2026 - 17:19:25,21.98,64.88,1026.38,3.69,88.00
Tue 05/05/2026 - 17:19:59,21.94,65.04,1026.37,3.69,88.00
Tue 05/05/2026 - 17:20:33,21.94,64.88,1026.32,3.69,88.00
Tue 05/05/2026 - 17:21:07,21.92,65.20,1026.34,3.69,88.00
Tue 05/05/2026 - 17:21:41,21.89,65.29,1026.31,3.70,88.00
Tue 05/05/2026 - 17:22:15,21.86,65.37,1026.27,3.70,88.00
Tue 05/05/2026 - 17:22:49,21.84,65.42,1026.27,3.69,88.00
Tue 05/05/2026 - 17:23:23,21.82,65.36,1026.29,3.69,88.00
Tue 05/05/2026 - 17:23:57,21.83,65.35,1026.25,3.69,88.00
Tue 05/05/2026 - 17:24:30,21.82,65.36,1026.29,3.69,88.00
Tue 05/05/2026 - 17:25:04,21.81,65.58,1026.29,3.69,88.00
Tue 05/05/2026 - 17:25:38,21.80,65.60,1026.31,3.69,88.00
Tue 05/05/2026 - 17:26:12,21.78,65.71,1026.24,3.69,88.00
Tue 05/05/2026 - 17:26:46,21.75,65.81,1026.22,3.69,88.00
Tue 05/05/2026 - 17:27:20,21.74,65.97,1026.31,3.69,88.00
Tue 05/05/2026 - 17:27:54,21.72,65.93,1026.30,3.70,88.00
Tue 05/05/2026 - 17:28:28,21.72,65.91,1026.25,3.69,88.00
Tue 05/05/2026 - 17:29:02,21.71,66.01,1026.26,3.70,88.00
Tue 05/05/2026 - 17:29:36,21.69,66.05,1026.17,3.70,88.00
Tue 05/05/2026 - 17:30:10,21.67,66.01,1026.25,3.70,88.00
Tue 05/05/2026 - 17:30:44,21.66,66.18,1026.17,3.70,88.00
Tue 05/05/2026 - 17:31:18,21.66,66.08,1026.22,3.70,88.00
Tue 05/05/2026 - 17:31:52,21.63,66.19,1026.20,3.70,88.00
Tue 05/05/2026 - 17:32:26,21.62,66.35,1026.20,3.69,88.00
Tue 05/05/2026 - 17:33:00,21.60,66.21,1026.20,3.70,88.00
Tue 05/05/2026 - 17:33:34,21.59,66.30,1026.22,3.70,88.00
Tue 05/05/2026 - 17:34:07,21.59,66.38,1026.26,3.70,88.00
Tue 05/05/2026 - 17:34:41,21.56,66.31,1026.27,3.69,88.00
Tue 05/05/2026 - 17:35:15,21.55,66.44,1026.28,3.70,88.00
Tue 05/05/2026 - 17:35:49,21.54,66.39,1026.29,3.70,88.00
Tue 05/05/2026 - 17:36:23,21.53,66.41,1026.28,3.69,88.00
Tue 05/05/2026 - 17:36:57,21.52,66.54,1026.20,3.70,88.00
Tue 05/05/2026 - 17:37:31,21.51,66.59,1026.29,3.70,88.00
Tue 05/05/2026 - 17:38:05,21.49,66.49,1026.26,3.70,88.00
Tue 05/05/2026 - 17:38:39,21.49,66.55,1026.31,3.70,88.00
Tue 05/05/2026 - 17:39:13,21.48,66.63,1026.30,3.70,88.00
Tue 05/05/2026 - 17:39:47,21.47,66.61,1026.31,3.70,88.00
Tue 05/05/2026 - 17:40:21,21.47,66.72,1026.33,3.70,88.00
Tue 05/05/2026 - 17:40:55,21.46,66.65,1026.31,3.69,88.00
Tue 05/05/2026 - 17:41:29,21.45,66.72,1026.37,3.70,88.00
Tue 05/05/2026 - 17:42:03,21.42,66.71,1026.28,3.70,88.00
Tue 05/05/2026 - 17:42:37,21.42,66.77,1026.34,3.70,88.00
Tue 05/05/2026 - 17:43:11,21.42,66.76,1026.33,3.70,88.00
Tue 05/05/2026 - 17:43:45,21.41,67.87,1026.26,3.69,88.00
Tue 05/05/2026 - 17:44:19,21.42,67.51,1026.25,3.69,88.00
Tue 05/05/2026 - 17:44:53,21.43,67.22,1026.21,3.69,88.00
Tue 05/05/2026 - 17:45:27,21.45,67.03,1026.24,3.70,88.00
Tue 05/05/2026 - 17:46:01,21.46,66.87,1026.23,3.69,88.00
Tue 05/05/2026 - 17:46:35,21.47,66.75,1026.22,3.70,88.00
Tue 05/05/2026 - 17:47:08,21.47,66.75,1026.25,3.69,88.00
Tue 05/05/2026 - 17:47:42,21.49,66.93,1026.21,3.70,88.00
Tue 05/05/2026 - 17:48:16,21.51,66.73,1026.29,3.70,88.00
Tue 05/05/2026 - 17:48:50,21.52,66.69,1026.22,3.69,88.00
Tue 05/05/2026 - 17:49:24,21.53,66.62,1026.22,3.69,88.00
Tue 05/05/2026 - 17:49:58,21.54,66.54,1026.24,3.70,88.00
Tue 05/05/2026 - 17:50:32,21.55,66.55,1026.15,3.69,88.00
Tue 05/05/2026 - 17:51:06,21.57,66.53,1026.13,3.69,88.00
Tue 05/05/2026 - 17:51:40,21.60,66.49,1026.18,3.70,88.00
Tue 05/05/2026 - 17:52:14,21.60,66.54,1026.18,3.69,88.00
Tue 05/05/2026 - 17:52:48,21.62,66.47,1026.16,3.70,88.00
Tue 05/05/2026 - 17:53:22,21.62,66.40,1026.10,3.69,88.00
Tue 05/05/2026 - 17:53:56,21.63,66.38,1026.18,3.70,88.00
Tue 05/05/2026 - 17:54:30,21.64,66.39,1026.14,3.70,88.00
Tue 05/05/2026 - 17:55:04,21.66,66.41,1026.11,3.70,88.00
Tue 05/05/2026 - 17:55:38,21.68,66.29,1026.10,3.69,88.00
Tue 05/05/2026 - 17:56:12,21.69,66.29,1026.11,3.69,88.00
Tue 05/05/2026 - 17:56:46,21.69,66.42,1026.09,3.69,88.00
Tue 05/05/2026 - 17:57:20,21.70,66.39,1026.13,3.69,88.00
Tue 05/05/2026 - 17:57:54,21.72,66.27,1026.11,3.70,88.00
Tue 05/05/2026 - 17:58:27,21.73,66.29,1026.12,3.70,88.00
Tue 05/05/2026 - 17:59:01,21.74,66.35,1026.09,3.69,88.00
Tue 05/05/2026 - 17:59:35,21.74,66.36,1026.09,3.70,88.00
Tue 05/05/2026 - 18:00:09,21.74,66.38,1026.15,3.69,88.00
Tue 05/05/2026 - 18:00:43,21.76,66.43,1026.09,3.69,88.00
Tue 05/05/2026 - 18:01:17,21.77,66.74,1026.09,3.69,88.00
Tue 05/05/2026 - 18:01:51,21.78,66.55,1026.13,3.69,88.00
Tue 05/05/2026 - 18:02:25,21.79,66.41,1026.17,3.69,88.00
Tue 05/05/2026 - 18:02:59,21.81,66.43,1026.15,3.70,88.00
Tue 05/05/2026 - 18:03:33,21.82,66.45,1026.17,3.70,88.00
Tue 05/05/2026 - 18:04:07,21.83,66.36,1026.17,3.69,88.00
Tue 05/05/2026 - 18:04:41,21.83,66.32,1026.14,3.69,88.00
Tue 05/05/2026 - 18:05:15,21.84,66.27,1026.15,3.69,88.00
Tue 05/05/2026 - 18:05:49,21.85,66.34,1026.17,3.69,88.00
Tue 05/05/2026 - 18:06:23,21.86,66.32,1026.13,3.69,88.00
Tue 05/05/2026 - 18:06:57,21.86,66.47,1026.13,3.69,88.00
Tue 05/05/2026 - 18:07:31,21.88,66.55,1026.06,3.70,88.00
Tue 05/05/2026 - 18:08:05,21.87,66.52,1026.10,3.69,88.00
Tue 05/05/2026 - 18:08:39,21.88,66.41,1026.16,3.69,88.00
Tue 05/05/2026 - 18:09:13,21.89,66.38,1026.12,3.70,88.00
Tue 05/05/2026 - 18:09:46,21.90,66.40,1026.14,3.69,88.00
Tue 05/05/2026 - 18:10:20,21.91,66.39,1026.10,3.69,88.00
Tue 05/05/2026 - 18:10:54,21.92,66.34,1026.18,3.69,88.00
Tue 05/05/2026 - 18:11:28,21.92,66.23,1026.18,3.69,88.00
Tue 05/05/2026 - 18:12:02,21.93,66.27,1026.16,3.69,88.00
Tue 05/05/2026 - 18:12:36,21.94,66.09,1026.21,3.70,88.00
Tue 05/05/2026 - 18:13:10,21.95,66.10,1026.19,3.69,88.00
Tue 05/05/2026 - 18:13:44,21.95,66.11,1026.24,3.69,88.00
Tue 05/05/2026 - 18:14:18,21.95,66.13,1026.16,3.69,88.00
Tue 05/05/2026 - 18:14:52,21.95,66.15,1026.24,3.69,88.00
Tue 05/05/2026 - 18:15:26,21.96,66.39,1026.18,3.69,88.00
Tue 05/05/2026 - 18:16:00,21.96,66.48,1026.15,3.69,88.00
Tue 05/05/2026 - 18:16:34,21.97,66.43,1026.27,3.69,88.00
Tue 05/05/2026 - 18:17:08,21.97,66.48,1026.22,3.69,88.00
Tue 05/05/2026 - 18:17:42,21.98,66.38,1026.22,3.69,88.00
Tue 05/05/2026 - 18:18:16,21.98,66.67,1026.22,3.69,88.00
Tue 05/05/2026 - 18:18:50,21.98,67.88,1026.26,3.69,88.00
Tue 05/05/2026 - 18:19:24,21.98,67.60,1026.25,3.69,88.00
Tue 05/05/2026 - 18:19:58,21.99,67.48,1026.32,3.69,88.00
Tue 05/05/2026 - 18:20:31,21.99,67.51,1026.26,3.69,88.00
Tue 05/05/2026 - 18:21:05,22.00,67.23,1026.30,3.69,88.00
Tue 05/05/2026 - 18:21:39,22.00,67.14,1026.31,3.69,88.00
Tue 05/05/2026 - 18:22:13,22.00,67.12,1026.29,3.70,88.00
Tue 05/05/2026 - 18:22:47,22.01,67.13,1026.33,3.69,88.00
Tue 05/05/2026 - 18:23:21,22.01,67.13,1026.34,3.69,88.00
Tue 05/05/2026 - 18:23:55,22.02,67.14,1026.26,3.70,88.00
Tue 05/05/2026 - 18:24:29,22.02,67.25,1026.23,3.70,88.00
Tue 05/05/2026 - 18:25:03,22.02,67.17,1026.27,3.69,88.00
Tue 05/05/2026 - 18:25:37,22.03,67.20,1026.25,3.70,88.00
Tue 05/05/2026 - 18:26:11,22.03,67.21,1026.22,3.69,88.00
Tue 05/05/2026 - 18:26:45,22.03,67.25,1026.23,3.69,88.00
Tue 05/05/2026 - 18:27:19,22.03,67.17,1026.31,3.69,88.00
Tue 05/05/2026 - 18:27:53,22.04,67.23,1026.24,3.70,88.00
Tue 05/05/2026 - 18:28:27,22.04,67.28,1026.32,3.69,88.00
Tue 05/05/2026 - 18:29:01,22.04,67.16,1026.27,3.69,88.00
Tue 05/05/2026 - 18:29:35,22.04,67.18,1026.24,3.69,88.00
Tue 05/05/2026 - 18:30:09,22.05,67.24,1026.29,3.69,88.00
Tue 05/05/2026 - 18:30:43,22.05,67.19,1026.23,3.69,88.00
Tue 05/05/2026 - 18:31:16,22.05,67.23,1026.24,3.70,88.00
Tue 05/05/2026 - 18:31:50,22.06,67.31,1026.22,3.69,88.00
Tue 05/05/2026 - 18:32:24,22.05,67.24,1026.21,3.69,88.00
Tue 05/05/2026 - 18:32:58,22.05,67.17,1026.29,3.69,88.00
Tue 05/05/2026 - 18:33:32,22.06,67.26,1026.25,3.69,88.00
Tue 05/05/2026 - 18:34:06,22.06,67.27,1026.25,3.69,88.00
Tue 05/05/2026 - 18:34:40,22.07,67.33,1026.21,3.69,88.00
Tue 05/05/2026 - 18:35:14,22.06,67.14,1026.17,3.69,88.00
Tue 05/05/2026 - 18:35:48,22.06,67.12,1026.15,3.69,88.00
Tue 05/05/2026 - 18:36:22,22.07,66.88,1026.16,3.69,88.00
Tue 05/05/2026 - 18:36:56,22.08,67.19,1026.20,3.69,88.00
Tue 05/05/2026 - 18:37:30,22.07,67.16,1026.17,3.69,88.00
Tue 05/05/2026 - 18:38:04,22.08,67.25,1026.15,3.69,88.00
Tue 05/05/2026 - 18:38:38,22.07,67.28,1026.11,3.69,88.00
Tue 05/05/2026 - 18:39:12,22.08,67.37,1026.13,3.69,88.00
Tue 05/05/2026 - 18:39:46,22.08,67.34,1026.12,3.69,88.00
Tue 05/05/2026 - 18:40:20,22.07,67.32,1026.09,3.69,88.00
Tue 05/05/2026 - 18:40:54,22.09,67.25,1026.08,3.69,88.00
Tue 05/05/2026 - 18:41:28,22.09,67.30,1026.08,3.69,88.00
Tue 05/05/2026 - 18:42:02,22.09,67.37,1026.08,3.69,88.00
Tue 05/05/2026 - 18:42:36,22.09,67.34,1026.15,3.69,88.00
Tue 05/05/2026 - 18:43:10,22.09,67.38,1026.04,3.69,88.00
Tue 05/05/2026 - 18:43:43,22.09,67.42,1026.15,3.69,88.00
Tue 05/05/2026 - 18:44:17,22.10,67.45,1026.16,3.69,88.00
Tue 05/05/2026 - 18:44:51,22.10,67.39,1026.21,3.69,88.00
Tue 05/05/2026 - 18:45:25,22.10,67.45,1026.16,3.69,88.00
Tue 05/05/2026 - 18:45:59,22.10,67.38,1026.10,3.70,88.00
Tue 05/05/2026 - 18:46:33,22.10,67.49,1026.14,3.69,88.00
Tue 05/05/2026 - 18:47:07,22.10,67.21,1026.18,3.69,88.00
Tue 05/05/2026 - 18:47:41,22.09,67.27,1026.14,3.69,88.00
Tue 05/05/2026 - 18:48:15,22.10,67.27,1026.21,3.69,88.00
Tue 05/05/2026 - 18:48:49,22.10,67.29,1026.16,3.69,88.00
Tue 05/05/2026 - 18:49:23,22.11,67.41,1026.17,3.69,88.00
Tue 05/05/2026 - 18:49:57,22.11,67.35,1026.21,3.69,88.00
Tue 05/05/2026 - 18:50:31,22.10,67.40,1026.16,3.69,88.00
Tue 05/05/2026 - 18:51:05,22.11,67.40,1026.28,3.69,88.00
Tue 05/05/2026 - 18:51:39,22.11,67.31,1026.15,3.69,88.00
Tue 05/05/2026 - 18:52:13,22.10,67.28,1026.16,3.69,88.00
Tue 05/05/2026 - 18:52:47,22.10,67.32,1026.27,3.69,88.00
Tue 05/05/2026 - 18:53:21,22.11,67.43,1026.23,3.69,88.00
Tue 05/05/2026 - 18:53:55,22.11,67.34,1026.23,3.69,88.00
Tue 05/05/2026 - 18:54:29,22.11,67.29,1026.15,3.69,88.00
Tue 05/05/2026 - 18:55:03,22.11,67.67,1026.21,3.69,88.00
Tue 05/05/2026 - 18:55:36,22.12,67.53,1026.24,3.69,88.00
Tue 05/05/2026 - 18:56:10,22.12,67.64,1026.24,3.69,88.00
Tue 05/05/2026 - 18:56:44,22.12,67.30,1026.24,3.69,88.00
Tue 05/05/2026 - 18:57:18,22.12,67.25,1026.24,3.69,88.00
Tue 05/05/2026 - 18:57:52,22.12,67.16,1026.27,3.69,88.00
Tue 05/05/2026 - 18:58:26,22.12,67.30,1026.19,3.69,88.00
Tue 05/05/2026 - 18:59:00,22.12,67.30,1026.14,3.69,88.00
Tue 05/05/2026 - 18:59:34,22.13,67.39,1026.21,3.69,88.00
Tue 05/05/2026 - 19:00:08,22.12,67.36,1026.24,3.69,88.00
Tue 05/05/2026 - 19:00:42,22.13,67.37,1026.23,3.69,88.00
Tue 05/05/2026 - 19:01:16,22.13,67.41,1026.23,3.69,88.00
Tue 05/05/2026 - 19:01:50,22.12,67.39,1026.19,3.69,88.00
Tue 05/05/2026 - 19:02:24,22.12,67.45,1026.19,3.69,88.00
Tue 05/05/2026 - 19:02:58,22.12,67.43,1026.31,3.69,88.00
Tue 05/05/2026 - 19:03:32,22.14,67.40,1026.28,3.69,88.00
Tue 05/05/2026 - 19:04:06,22.12,67.38,1026.36,3.69,88.00
Tue 05/05/2026 - 19:04:40,22.12,67.35,1026.19,3.69,88.00
Tue 05/05/2026 - 19:05:14,22.13,67.37,1026.32,3.69,88.00
Tue 05/05/2026 - 19:05:48,22.13,67.38,1026.29,3.69,88.00
Tue 05/05/2026 - 19:06:22,22.12,67.38,1026.31,3.69,88.00
Tue 05/05/2026 - 19:06:55,22.12,67.43,1026.27,3.69,88.00
Tue 05/05/2026 - 19:07:29,22.12,67.40,1026.33,3.69,88.00
Tue 05/05/2026 - 19:08:03,22.12,67.37,1026.36,3.69,88.00
Tue 05/05/2026 - 19:08:37,22.12,67.30,1026.31,3.69,88.00
Tue 05/05/2026 - 19:09:11,22.11,67.19,1026.28,3.69,88.00
Tue 05/05/2026 - 19:09:45,22.12,67.10,1026.30,3.69,88.00
Tue 05/05/2026 - 19:10:19,22.11,66.97,1026.29,3.69,88.00
Tue 05/05/2026 - 19:10:53,22.12,66.98,1026.30,3.69,88.00
Tue 05/05/2026 - 19:11:27,22.12,66.91,1026.35,3.69,88.00
Tue 05/05/2026 - 19:12:01,22.11,66.90,1026.34,3.69,88.00
Tue 05/05/2026 - 19:12:35,22.12,66.87,1026.41,3.69,88.00
Tue 05/05/2026 - 19:13:09,22.11,66.81,1026.34,3.69,88.00
Tue 05/05/2026 - 19:13:43,22.12,66.72,1026.44,3.69,88.00
Tue 05/05/2026 - 19:14:17,22.11,66.82,1026.32,3.69,88.00
Tue 05/05/2026 - 19:14:51,22.12,66.76,1026.33,3.69,88.00
Tue 05/05/2026 - 19:15:25,22.11,66.87,1026.36,3.69,88.00
Tue 05/05/2026 - 19:15:59,22.11,66.76,1026.45,3.69,88.00
Tue 05/05/2026 - 19:16:33,22.11,66.76,1026.39,3.69,88.00
Tue 05/05/2026 - 19:17:07,22.11,66.74,1026.37,3.69,88.00
Tue 05/05/2026 - 19:17:41,22.11,66.83,1026.44,3.69,88.00
Tue 05/05/2026 - 19:18:15,22.11,66.79,1026.39,3.69,88.00
Tue 05/05/2026 - 19:18:49,22.11,66.79,1026.34,3.69,88.00
Tue 05/05/2026 - 19:19:22,22.11,66.84,1026.34,3.69,88.00
Tue 05/05/2026 - 19:19:56,22.11,66.93,1026.39,3.69,88.00
Tue 05/05/2026 - 19:20:30,22.10,66.94,1026.37,3.69,88.00
Tue 05/05/2026 - 19:21:04,22.10,66.99,1026.37,3.69,88.00
Tue 05/05/2026 - 19:21:38,22.11,66.98,1026.28,3.69,88.00
Tue 05/05/2026 - 19:22:12,22.10,67.19,1026.30,3.69,88.00
Tue 05/05/2026 - 19:22:46,22.09,67.23,1026.36,3.69,88.00
Tue 05/05/2026 - 19:23:20,22.10,67.31,1026.30,3.69,88.00
Tue 05/05/2026 - 19:23:54,22.09,67.27,1026.36,3.69,88.00
Tue 05/05/2026 - 19:24:28,22.08,67.23,1026.34,3.69,88.00
Tue 05/05/2026 - 19:25:02,22.08,67.22,1026.43,3.69,88.00
Tue 05/05/2026 - 19:25:36,22.08,67.14,1026.29,3.69,88.00
Tue 05/05/2026 - 19:26:10,22.08,67.12,1026.39,3.69,88.00
Tue 05/05/2026 - 19:26:44,22.09,67.19,1026.38,3.69,88.00
Tue 05/05/2026 - 19:27:18,22.07,67.20,1026.43,3.69,88.00
Tue 05/05/2026 - 19:27:52,22.08,67.35,1026.39,3.69,88.00
Tue 05/05/2026 - 19:28:26,22.07,67.39,1026.40,3.69,88.00
Tue 05/05/2026 - 19:29:00,22.07,67.52,1026.44,3.69,88.00
Tue 05/05/2026 - 19:29:34,22.07,67.53,1026.41,3.69,88.00
Tue 05/05/2026 - 19:30:08,22.07,67.61,1026.40,3.69,88.00
Tue 05/05/2026 - 19:30:42,22.07,67.67,1026.48,3.69,88.00
Tue 05/05/2026 - 19:31:16,22.06,67.60,1026.41,3.69,88.00
Tue 05/05/2026 - 19:31:49,22.07,67.78,1026.48,3.69,88.00
Tue 05/05/2026 - 19:32:23,22.07,67.83,1026.48,3.69,88.00
Tue 05/05/2026 - 19:32:57,22.06,67.95,1026.49,3.69,88.00
Tue 05/05/2026 - 19:33:31,22.06,67.93,1026.56,3.69,88.00
Tue 05/05/2026 - 19:34:05,22.07,68.08,1026.51,3.69,88.00
Tue 05/05/2026 - 19:34:39,22.07,67.96,1026.59,3.69,88.00
Tue 05/05/2026 - 19:35:13,22.07,67.88,1026.57,3.69,88.00
Tue 05/05/2026 - 19:35:47,22.07,68.09,1026.52,3.69,88.00
Tue 05/05/2026 - 19:36:21,22.06,68.08,1026.52,3.69,88.00
Tue 05/05/2026 - 19:36:55,22.07,68.09,1026.54,3.69,88.00
Tue 05/05/2026 - 19:37:29,22.06,68.26,1026.55,3.69,88.00
Tue 05/05/2026 - 19:38:03,22.05,68.17,1026.51,3.69,88.00
Tue 05/05/2026 - 19:38:37,22.06,68.29,1026.58,3.69,88.00
Tue 05/05/2026 - 19:39:11,22.06,68.39,1026.58,3.69,88.00
Tue 05/05/2026 - 19:39:45,22.05,68.38,1026.51,3.69,88.00
Tue 05/05/2026 - 19:40:19,22.06,68.49,1026.58,3.69,88.00
Tue 05/05/2026 - 19:40:53,22.05,68.29,1026.57,3.69,88.00
Tue 05/05/2026 - 19:41:27,22.06,68.24,1026.55,3.69,88.00
Tue 05/05/2026 - 19:42:01,22.06,68.37,1026.52,3.69,88.00
Tue 05/05/2026 - 19:42:35,22.05,68.40,1026.48,3.69,88.00
Tue 05/05/2026 - 19:43:09,22.06,68.51,1026.53,3.69,88.00
Tue 05/05/2026 - 19:43:43,22.06,68.59,1026.55,3.69,88.00
Tue 05/05/2026 - 19:44:17,22.06,68.55,1026.55,3.69,88.00
Tue 05/05/2026 - 19:44:51,22.05,68.51,1026.56,3.69,88.00
Tue 05/05/2026 - 19:45:24,22.05,68.47,1026.54,3.69,88.00
Tue 05/05/2026 - 19:45:58,22.06,68.61,1026.52,3.69,88.00
Tue 05/05/2026 - 19:46:32,22.04,69.49,1026.57,3.69,88.00
Tue 05/05/2026 - 19:47:06,22.04,69.29,1026.52,3.69,88.00
Tue 05/05/2026 - 19:47:40,22.04,69.01,1026.50,3.69,88.00
Tue 05/05/2026 - 19:48:14,22.05,68.80,1026.53,3.69,88.00
Tue 05/05/2026 - 19:48:48,22.06,68.72,1026.52,3.69,88.00
Tue 05/05/2026 - 19:49:22,22.05,68.73,1026.57,3.68,88.00
Tue 05/05/2026 - 19:49:56,22.05,68.70,1026.53,3.68,88.00
Tue 05/05/2026 - 19:50:30,22.05,68.79,1026.50,3.69,88.00
Tue 05/05/2026 - 19:51:04,22.05,68.77,1026.53,3.69,88.00
Tue 05/05/2026 - 19:51:38,22.05,68.69,1026.57,3.69,88.00
Tue 05/05/2026 - 19:52:12,22.06,68.95,1026.52,3.69,88.00
Tue 05/05/2026 - 19:52:46,22.05,68.86,1026.57,3.69,88.00
Tue 05/05/2026 - 19:53:20,22.05,68.73,1026.53,3.69,88.00
Tue 05/05/2026 - 19:53:54,22.05,68.56,1026.56,3.69,88.00
Tue 05/05/2026 - 19:54:28,22.03,68.23,1026.53,3.68,88.00
Tue 05/05/2026 - 19:55:02,22.05,68.45,1026.56,3.69,88.00
Tue 05/05/2026 - 19:55:36,22.05,68.79,1026.53,3.69,88.00
Tue 05/05/2026 - 19:56:10,22.05,68.63,1026.56,3.69,88.00
Tue 05/05/2026 - 19:56:44,22.05,68.77,1026.56,3.69,88.00
Tue 05/05/2026 - 19:57:18,22.04,68.74,1026.49,3.69,88.00
Tue 05/05/2026 - 19:57:51,22.04,70.13,1026.54,3.68,88.00
